-- MySQL dump 10.11
--
-- Host: localhost    Database: dsem
-- ------------------------------------------------------
-- Server version	5.0.75-0ubuntu10

/*!40101 SET @OLD_CHARACTER_SET_CLIENT=@@CHARACTER_SET_CLIENT */;
/*!40101 SET @OLD_CHARACTER_SET_RESULTS=@@CHARACTER_SET_RESULTS */;
/*!40101 SET @OLD_COLLATION_CONNECTION=@@COLLATION_CONNECTION */;
/*!40101 SET NAMES utf8 */;
/*!40103 SET @OLD_TIME_ZONE=@@TIME_ZONE */;
/*!40103 SET TIME_ZONE='+00:00' */;
/*!40014 SET @OLD_UNIQUE_CHECKS=@@UNIQUE_CHECKS, UNIQUE_CHECKS=0 */;
/*!40014 SET @OLD_FOREIGN_KEY_CHECKS=@@FOREIGN_KEY_CHECKS, FOREIGN_KEY_CHECKS=0 */;
/*!40101 SET @OLD_SQL_MODE=@@SQL_MODE, SQL_MODE='NO_AUTO_VALUE_ON_ZERO' */;
/*!40111 SET @OLD_SQL_NOTES=@@SQL_NOTES, SQL_NOTES=0 */;

--
-- Table structure for table `AI`
--

DROP TABLE IF EXISTS `AI`;
SET @saved_cs_client     = @@character_set_client;
SET character_set_client = utf8;
CREATE TABLE `AI` (
  `id` int(11) NOT NULL auto_increment,
  `uc_id` int(11) default NULL,
  `nro_port` int(11) default NULL,
  `valor` smallint(6) default NULL,
  PRIMARY KEY  (`id`),
  KEY `uc_id` (`uc_id`)
) ENGINE=MyISAM DEFAULT CHARSET=latin1;
SET character_set_client = @saved_cs_client;

--
-- Dumping data for table `AI`
--

LOCK TABLES `AI` WRITE;
/*!40000 ALTER TABLE `AI` DISABLE KEYS */;
/*!40000 ALTER TABLE `AI` ENABLE KEYS */;
UNLOCK TABLES;

--
-- Table structure for table `CO`
--

DROP TABLE IF EXISTS `CO`;
SET @saved_cs_client     = @@character_set_client;
SET character_set_client = utf8;
CREATE TABLE `CO` (
  `id_CO` int(11) NOT NULL auto_increment,
  `ip_address` varchar(15) default NULL,
  `hab` tinyint(1) NOT NULL,
  `t_poll` float NOT NULL,
  `t_out` float NOT NULL,
  `max_retry` smallint(6) NOT NULL,
  `poll_delay` float NOT NULL,
  `nombre_co` varchar(40) default NULL,
  PRIMARY KEY  (`id_CO`),
  UNIQUE KEY `ip_address` (`ip_address`)
) ENGINE=MyISAM AUTO_INCREMENT=5 DEFAULT CHARSET=latin1;
SET character_set_client = @saved_cs_client;

--
-- Dumping data for table `CO`
--

LOCK TABLES `CO` WRITE;
/*!40000 ALTER TABLE `CO` DISABLE KEYS */;
INSERT INTO `CO` VALUES (3,'192.168.1.97',1,0.5,0.25,0,0.2,'CO 1'),(4,'192.168.2.2',1,0,0.25,0,0.2,'Otro CO');
/*!40000 ALTER TABLE `CO` ENABLE KEYS */;
UNLOCK TABLES;

--
-- Table structure for table `Calle`
--

DROP TABLE IF EXISTS `Calle`;
SET @saved_cs_client     = @@character_set_client;
SET character_set_client = utf8;
CREATE TABLE `Calle` (
  `id` int(11) NOT NULL default '0',
  `nombre` varchar(40) default NULL
) ENGINE=MyISAM DEFAULT CHARSET=latin1;
SET character_set_client = @saved_cs_client;

--
-- Dumping data for table `Calle`
--

LOCK TABLES `Calle` WRITE;
/*!40000 ALTER TABLE `Calle` DISABLE KEYS */;
INSERT INTO `Calle` VALUES (177,'12 DE OCTUBRE'),(351,'13 DE JULIO'),(40,'25 DE MAYO'),(49,'26 DE NOVIEMBRE'),(113,'28 DE JULIO'),(146,'9 DE JULIO'),(228,'A. JENKINS'),(308,'A.MATHEWS'),(272,'A.P. BEL'),(265,'A.P. BELL'),(188,'A.P.BELL'),(288,'ALBERDI'),(77,'ALCAZABA'),(249,'ALDERETE'),(26,'AMEGHINO'),(30,'ARTIGAS'),(252,'AV. DE LOS TRABAJ'),(93,'AV. RAWSON'),(127,'AV.CENTENARIO'),(292,'AV.FONTANA'),(330,'AVDA. EVA PERON'),(353,'AVELLANEDA'),(220,'AVENIDA'),(319,'AZOPARDO'),(174,'BAHIA SIN FONDO'),(126,'BEGHIN'),(179,'BELGRANO'),(305,'BERWYN'),(290,'BRASIL'),(37,'BROWN'),(114,'BS. AS.'),(111,'BUENOS AIRES'),(75,'BURMEISTER'),(354,'C. GARDEL'),(375,'C.ARGENTINA'),(244,'C.CHIQUICHANO'),(363,'C.GRAL.BELGRANO'),(315,'C.NAHUELPAN'),(142,'C.NAMUNCURA'),(261,'CABOT'),(78,'CAC. NAHUELQUIR'),(340,'CACIQUE NAHUELPAN'),(236,'CADFAN HUGHES'),(99,'CALDERON'),(56,'CAMARONES'),(169,'CAMBRIN'),(162,'CANGALLO'),(189,'CAP.MURGA'),(280,'CARRASCO'),(358,'CATAMARCA'),(294,'CEBALLOS'),(46,'CERRO CENTINELA'),(338,'CHACO'),(253,'CIPOLLETTI'),(175,'CNEL. PALACIOS'),(302,'COLOMBIA'),(341,'COLON'),(184,'COMAHUE'),(224,'CONDARCO'),(320,'CONESA'),(39,'CORCOVADO'),(107,'CORRIENTES'),(301,'COSTA RICA'),(42,'CRUZ DEL SUR'),(117,'CUBA'),(322,'D.LL. JONES'),(47,'DALEOSO'),(51,'DOLAVON'),(254,'DON BOSCO'),(248,'E. HANN'),(310,'E.ROBERTS'),(90,'ECUADOR'),(29,'EDISON'),(202,'EL CARMEN'),(57,'EL MAITEN'),(102,'ELSGOOD'),(109,'ENTRE RIOS'),(65,'EPUYEN'),(43,'EPUYEN (N)'),(307,'ESPAÃ‘A'),(62,'ESQUEL'),(159,'F. VIEJO'),(200,'F.L.BELTRAN'),(150,'F.SAN JOSE'),(334,'FELDMAN'),(295,'FTE. SAN JOSE'),(235,'FUCHS'),(211,'G. MAYO'),(52,'GAIMAN'),(148,'GALES'),(227,'GALINA'),(66,'GAN GAN'),(44,'GASTRE (N)'),(240,'GDOR. TELLO'),(53,'GDOR.COSTA'),(72,'GUEMES'),(135,'H. BEGHIN'),(119,'H. JONES'),(219,'H. YRIGOYEN'),(101,'H.L. JONES'),(73,'H.L.JONES'),(327,'HERNANDEZ'),(287,'HONDURAS'),(344,'INGENIEROS'),(277,'INMIGRANTES'),(259,'ITALIA'),(76,'J. DE LA PIEDRA'),(345,'J. EVANS'),(279,'J. HERNANDEZ'),(156,'J. JONES'),(232,'J. KATTERFIELD'),(281,'J. MUZIO'),(210,'J. SOSA'),(79,'J.A. ROCA'),(136,'J.A.ROCA'),(213,'J.M. DE ROSAS'),(180,'J.M.DE ROSAS'),(347,'JOSE BERRETA'),(231,'JOSIAH WILLIAMS'),(312,'JUAN EVANS'),(96,'JUAN XXIII'),(367,'JUJUY'),(230,'L.N. ALEM'),(241,'L.N.ALEM'),(38,'LAGO PUELO'),(229,'LAMADRID'),(350,'LAS HERAS'),(89,'LAURA VICUÂ¥A'),(255,'LEWIS JONES'),(242,'LEZANA'),(118,'LIBERTAD'),(24,'LOPEZ Y PLANES'),(54,'LOS ALTARES'),(291,'LOS ANDES'),(173,'LOS MARTIRES'),(226,'LOVE PARRY'),(282,'M. CUTILLO'),(283,'M. FIERRO'),(178,'M. HUMPHREYS'),(88,'M. RODRIGUEZ'),(321,'M.FIERRO'),(157,'MAESTROS PUNTANOS'),(343,'MAGALLANES'),(34,'MAIPU'),(190,'MALACARA'),(87,'MALASPINA'),(55,'MAMEL'),(25,'MARCONI'),(185,'MERMOZ'),(106,'MEXICO'),(31,'MICHAEL D.JONES'),(316,'MISIONES'),(192,'MITRE'),(284,'MORENO'),(116,'MORETEAU'),(85,'MORGAN'),(176,'MORIAH'),(74,'MOSCONI'),(250,'MOYANO'),(33,'MUSTERS'),(298,'NICARAGUA'),(82,'O\'HIGGINS'),(374,'O.SMITH'),(100,'ONETO'),(161,'OWEN'),(129,'P. JUNTA'),(133,'P. MORENO'),(71,'P.DALEOSO'),(28,'P.MORENO'),(137,'PARAGUAY'),(50,'PASO DE INDIOS'),(166,'PATAGONIA'),(140,'PECORARO'),(86,'PEDRO DERBES'),(191,'PELLEGRINI'),(332,'PENINSULA VALDES'),(289,'PERU'),(170,'PIEDRABUENA'),(155,'PIETROBELLI'),(203,'PORTUGAL'),(369,'POSADAS'),(198,'R.DE ESCALADA'),(112,'RAMON Y CAJAL'),(61,'RAWSON'),(58,'RIO NEGRO'),(45,'RIO PICO'),(181,'RIVADAVIA'),(36,'RONDEAU'),(234,'ROSALES'),(164,'RUCA-HUE'),(149,'RUTA NACIONAL NÂ°2'),(377,'RUTA NACIONAL NÂ°3'),(336,'S. ALLENDE'),(104,'S. DE ALCAZABA'),(361,'S. ORTEGA'),(128,'S. ORTIZ'),(368,'SAAVEDRA'),(238,'SAENZ PEÂ¥A'),(365,'SALTA'),(311,'SAN DAVID'),(297,'SAN LUIS'),(41,'SAN MARTIN'),(108,'SANTA FE'),(314,'SARMIENTO'),(125,'SAYHUEQUE'),(251,'SGO. DEL ESTERO'),(201,'SGTO. CABRAL'),(80,'SOBERANIA NACIONA'),(23,'SOLER'),(216,'T. DEL FUEGO'),(171,'T.DEL FUEGO'),(48,'TECKA'),(342,'TEHUELCHES'),(335,'TELLO'),(67,'TELSEN'),(225,'THOMAS'),(158,'THOMAS DAVIES'),(59,'TREVELIN'),(207,'TTE. GARCIA'),(359,'TUCUMAN'),(326,'TUPUNG.'),(317,'TUPUNGATO'),(285,'URQUIZA'),(110,'URUGUAY'),(239,'V. MIMOSA'),(165,'V. VESTA'),(163,'VENUS'),(143,'VESPUCIO'),(68,'VIEDMA'),(84,'VILLARINO'),(154,'VILLEGAS'),(313,'W. DAVIES'),(328,'WINTER'),(194,'ZAPIOLA');
/*!40000 ALTER TABLE `Calle` ENABLE KEYS */;
UNLOCK TABLES;

--
-- Table structure for table `DI`
--

DROP TABLE IF EXISTS `DI`;
SET @saved_cs_client     = @@character_set_client;
SET character_set_client = utf8;
CREATE TABLE `DI` (
  `id` int(11) NOT NULL auto_increment,
  `uc_id` int(11) default NULL,
  `nro_port` int(11) default NULL,
  `valor` smallint(6) default NULL,
  PRIMARY KEY  (`id`),
  KEY `uc_id` (`uc_id`)
) ENGINE=MyISAM DEFAULT CHARSET=latin1;
SET character_set_client = @saved_cs_client;

--
-- Dumping data for table `DI`
--

LOCK TABLES `DI` WRITE;
/*!40000 ALTER TABLE `DI` DISABLE KEYS */;
/*!40000 ALTER TABLE `DI` ENABLE KEYS */;
UNLOCK TABLES;

--
-- Table structure for table `EV`
--

DROP TABLE IF EXISTS `EV`;
SET @saved_cs_client     = @@character_set_client;
SET character_set_client = utf8;
CREATE TABLE `EV` (
  `id` int(11) NOT NULL auto_increment,
  `uc_id` int(11) default NULL,
  `tipo` smallint(6) default NULL,
  `prio` smallint(6) default NULL,
  `codigo` smallint(6) default NULL,
  `nro_port` smallint(6) NOT NULL,
  `nro_bit` smallint(6) NOT NULL,
  `estado_bit` smallint(6) NOT NULL,
  `ts_bit` datetime NOT NULL,
  `ts_bit_ms` int(11) NOT NULL,
  `atendido` varchar(1) default NULL,
  `ts_a` datetime default NULL,
  `ts_r` datetime default NULL,
  PRIMARY KEY  (`id`),
  KEY `uc_id` (`uc_id`)
) ENGINE=MyISAM AUTO_INCREMENT=1947 DEFAULT CHARSET=latin1;
SET character_set_client = @saved_cs_client;

--
-- Dumping data for table `EV`
--

LOCK TABLES `EV` WRITE;
/*!40000 ALTER TABLE `EV` DISABLE KEYS */;
INSERT INTO `EV` VALUES (1059,5,1,1,11,10,0,0,'2009-04-04 19:47:32',9280,NULL,NULL,NULL),(1060,5,2,2,1,5,2,1,'2009-04-04 19:47:32',3778,NULL,NULL,NULL),(1061,5,0,0,11,3,7,1,'2009-04-04 19:47:32',8957,NULL,NULL,NULL),(1062,5,2,1,8,11,7,0,'2009-04-04 19:47:32',7401,NULL,NULL,NULL),(1063,5,1,0,10,3,3,1,'2009-04-04 19:47:32',6240,NULL,NULL,NULL),(1064,5,0,0,11,2,7,0,'2009-04-04 19:47:33',5866,NULL,NULL,NULL),(1065,5,0,1,4,11,3,1,'2009-04-04 19:47:33',9353,NULL,NULL,NULL),(1066,5,1,1,9,12,2,1,'2009-04-04 19:47:33',7892,NULL,NULL,NULL),(1067,5,0,1,2,7,5,1,'2009-04-04 19:47:34',6693,NULL,NULL,NULL),(1068,5,1,2,10,14,2,0,'2009-04-04 19:47:34',1145,NULL,NULL,NULL),(1069,5,0,1,0,5,0,1,'2009-04-04 19:47:34',3990,NULL,NULL,NULL),(1070,5,1,2,8,14,5,1,'2009-04-04 19:47:35',70,NULL,NULL,NULL),(1071,5,2,0,14,9,0,1,'2009-04-04 19:47:35',1266,NULL,NULL,NULL),(1072,5,0,1,13,3,5,0,'2009-04-04 19:47:35',9752,NULL,NULL,NULL),(1073,5,0,2,14,1,0,1,'2009-04-04 19:47:35',8197,NULL,NULL,NULL),(1074,5,1,0,8,9,5,1,'2009-04-04 19:47:37',4998,NULL,NULL,NULL),(1075,5,0,0,0,12,0,0,'2009-04-04 19:47:37',3751,NULL,NULL,NULL),(1076,5,1,2,5,15,4,0,'2009-04-04 19:47:37',574,NULL,NULL,NULL),(1077,5,1,0,12,10,2,0,'2009-04-04 19:47:37',6158,NULL,NULL,NULL),(1078,5,0,0,11,0,1,0,'2009-04-04 19:47:38',2535,NULL,NULL,NULL),(1079,5,0,0,10,0,6,0,'2009-04-04 19:47:38',3514,NULL,NULL,NULL),(1080,5,2,0,15,12,7,1,'2009-04-04 19:47:38',4874,NULL,NULL,NULL),(1081,5,0,2,13,5,3,0,'2009-04-04 19:47:38',7268,NULL,NULL,NULL),(1082,5,1,1,1,2,5,1,'2009-04-04 19:47:38',7804,NULL,NULL,NULL),(1083,5,0,0,12,6,3,0,'2009-04-04 19:47:38',3558,NULL,NULL,NULL),(1084,5,1,0,6,15,2,0,'2009-04-04 19:47:38',656,NULL,NULL,NULL),(1085,5,2,0,14,5,3,1,'2009-04-04 19:47:39',8144,NULL,NULL,NULL),(1086,5,0,2,15,7,2,1,'2009-04-04 19:47:39',9661,NULL,NULL,NULL),(1087,5,1,1,1,1,3,0,'2009-04-04 19:47:39',1827,NULL,NULL,NULL),(1088,5,1,1,7,8,2,1,'2009-04-04 19:47:39',9625,NULL,NULL,NULL),(1089,5,2,2,4,3,4,0,'2009-04-04 19:47:39',4977,NULL,NULL,NULL),(1090,5,1,0,0,2,2,0,'2009-04-04 19:47:39',4631,NULL,NULL,NULL),(1091,5,2,1,4,2,1,0,'2009-04-04 19:47:40',7334,NULL,NULL,NULL),(1092,5,0,1,2,0,2,1,'2009-04-04 19:47:40',6455,NULL,NULL,NULL),(1093,5,0,1,4,9,7,0,'2009-04-04 19:47:40',2571,NULL,NULL,NULL),(1094,5,2,1,5,9,3,1,'2009-04-04 19:47:40',8257,NULL,NULL,NULL),(1095,5,2,0,9,6,3,1,'2009-04-04 19:47:40',5555,NULL,NULL,NULL),(1096,5,0,0,15,13,3,1,'2009-04-04 19:47:40',7948,NULL,NULL,NULL),(1097,5,0,1,0,15,5,0,'2009-04-04 19:47:40',4419,NULL,NULL,NULL),(1098,5,0,0,15,15,5,1,'2009-04-04 19:47:42',8304,NULL,NULL,NULL),(1099,5,1,1,1,3,0,0,'2009-04-04 19:47:42',8469,NULL,NULL,NULL),(1100,5,0,0,15,5,5,0,'2009-04-04 19:47:42',3581,NULL,NULL,NULL),(1101,5,0,2,2,2,1,0,'2009-04-04 19:47:42',4506,NULL,NULL,NULL),(1102,5,2,2,1,7,7,0,'2009-04-04 19:47:42',8679,NULL,NULL,NULL),(1103,5,0,2,2,11,7,1,'2009-04-04 19:47:43',6977,NULL,NULL,NULL),(1104,5,1,2,10,3,4,0,'2009-04-04 19:47:43',4524,NULL,NULL,NULL),(1105,5,1,2,13,15,1,1,'2009-04-04 19:47:43',1238,NULL,NULL,NULL),(1106,5,2,2,10,2,0,1,'2009-04-04 19:47:43',2859,NULL,NULL,NULL),(1107,5,0,2,1,11,2,0,'2009-04-04 19:47:44',7917,NULL,NULL,NULL),(1108,5,2,2,9,9,7,1,'2009-04-04 19:47:44',6839,NULL,NULL,NULL),(1109,5,2,2,9,14,2,1,'2009-04-04 19:47:44',6436,NULL,NULL,NULL),(1110,5,0,2,0,8,0,1,'2009-04-04 19:47:44',5900,NULL,NULL,NULL),(1111,5,2,1,4,5,7,0,'2009-04-04 19:47:44',5118,NULL,NULL,NULL),(1112,5,0,0,15,0,3,0,'2009-04-04 19:47:44',7658,NULL,NULL,NULL),(1113,5,0,0,5,12,0,0,'2009-04-04 19:47:45',6006,NULL,NULL,NULL),(1114,5,2,1,5,5,1,1,'2009-04-04 19:47:45',8185,NULL,NULL,NULL),(1115,5,2,1,9,9,2,1,'2009-04-04 19:47:45',8597,NULL,NULL,NULL),(1116,5,0,2,2,5,2,0,'2009-04-04 19:47:45',7528,NULL,NULL,NULL),(1117,5,2,2,6,4,5,0,'2009-04-04 19:47:45',3603,NULL,NULL,NULL),(1118,5,1,0,9,8,7,1,'2009-04-04 19:47:45',9094,NULL,NULL,NULL),(1119,5,2,2,14,12,2,0,'2009-04-04 19:47:46',3693,NULL,NULL,NULL),(1120,5,1,1,7,10,5,1,'2009-04-04 19:47:47',9833,NULL,NULL,NULL),(1121,5,0,2,1,3,2,0,'2009-04-04 19:47:47',768,NULL,NULL,NULL),(1122,5,0,2,12,4,0,0,'2009-04-04 19:47:47',2458,NULL,NULL,NULL),(1123,5,2,1,8,10,4,1,'2009-04-04 19:47:48',9431,NULL,NULL,NULL),(1124,5,1,1,3,2,1,0,'2009-04-04 19:47:48',5837,NULL,NULL,NULL),(1125,5,1,1,2,3,3,1,'2009-04-04 19:47:49',7537,NULL,NULL,NULL),(1126,5,1,1,0,4,5,1,'2009-04-04 19:47:50',2399,NULL,NULL,NULL),(1127,5,0,1,4,11,1,0,'2009-04-04 19:47:50',2160,NULL,NULL,NULL),(1128,5,2,0,9,2,5,1,'2009-04-04 19:47:50',4866,NULL,NULL,NULL),(1129,5,1,2,4,13,2,1,'2009-04-04 19:47:50',7735,NULL,NULL,NULL),(1130,5,0,1,9,15,2,1,'2009-04-04 19:47:50',2230,NULL,NULL,NULL),(1131,5,0,1,4,5,3,0,'2009-04-04 19:47:51',1960,NULL,NULL,NULL),(1132,5,1,1,12,2,1,1,'2009-04-04 19:47:51',4751,NULL,NULL,NULL),(1133,5,0,1,6,8,4,0,'2009-04-04 19:47:51',2797,NULL,NULL,NULL),(1134,5,0,1,5,13,7,1,'2009-04-04 19:47:51',7523,NULL,NULL,NULL),(1135,5,0,0,10,14,2,1,'2009-04-04 19:47:52',1192,NULL,NULL,NULL),(1136,5,0,0,5,6,7,0,'2009-04-04 19:47:52',3274,NULL,NULL,NULL),(1137,5,0,2,2,2,6,1,'2009-04-04 19:47:52',3067,NULL,NULL,NULL),(1138,5,1,0,10,11,0,0,'2009-04-04 19:47:52',1577,NULL,NULL,NULL),(1139,5,2,0,7,2,7,0,'2009-04-04 19:47:53',9349,NULL,NULL,NULL),(1140,5,2,1,7,6,7,0,'2009-04-04 19:47:53',1266,NULL,NULL,NULL),(1141,5,2,0,8,15,6,0,'2009-04-04 19:47:53',2972,NULL,NULL,NULL),(1142,5,1,2,15,14,6,1,'2009-04-04 19:47:54',6579,NULL,NULL,NULL),(1143,5,1,2,6,8,0,1,'2009-04-04 19:47:54',373,NULL,NULL,NULL),(1144,5,0,0,7,13,4,0,'2009-04-04 19:47:54',6548,NULL,NULL,NULL),(1145,5,2,1,6,11,6,0,'2009-04-04 19:47:54',9594,NULL,NULL,NULL),(1146,5,0,2,2,0,0,1,'2009-04-04 19:47:54',5754,NULL,NULL,NULL),(1147,5,1,1,0,0,7,0,'2009-04-04 19:47:54',4558,NULL,NULL,NULL),(1148,5,0,1,1,12,3,1,'2009-04-04 19:47:54',9512,NULL,NULL,NULL),(1149,5,1,1,6,13,7,0,'2009-04-04 19:47:55',237,NULL,NULL,NULL),(1150,5,0,0,14,0,4,1,'2009-04-04 19:47:55',6262,NULL,NULL,NULL),(1151,5,0,1,1,4,5,1,'2009-04-04 19:47:55',2585,NULL,NULL,NULL),(1152,5,0,1,11,1,2,0,'2009-04-04 19:47:55',8998,NULL,NULL,NULL),(1153,5,2,2,10,3,4,0,'2009-04-04 19:47:56',3412,NULL,NULL,NULL),(1154,5,1,1,4,3,2,1,'2009-04-04 19:47:56',6165,NULL,NULL,NULL),(1155,5,1,1,1,0,0,0,'2009-04-04 19:47:57',3109,NULL,NULL,NULL),(1156,5,2,0,2,6,4,0,'2009-04-04 19:47:57',4557,NULL,NULL,NULL),(1157,5,2,0,12,10,0,1,'2009-04-04 19:47:57',234,NULL,NULL,NULL),(1158,5,0,0,15,7,6,0,'2009-04-04 19:47:57',8141,NULL,NULL,NULL),(1159,5,2,0,6,0,5,0,'2009-04-04 19:47:57',8407,NULL,NULL,NULL),(1160,5,1,1,0,2,0,0,'2009-04-04 19:47:57',5641,NULL,NULL,NULL),(1161,5,2,2,10,11,7,0,'2009-04-04 19:47:58',8307,NULL,NULL,NULL),(1162,5,1,2,3,14,0,0,'2009-04-04 19:47:59',193,NULL,NULL,NULL),(1163,5,2,2,10,7,5,0,'2009-04-04 19:47:59',2710,NULL,NULL,NULL),(1164,5,2,0,14,5,6,0,'2009-04-04 19:47:59',9588,NULL,NULL,NULL),(1165,5,0,1,0,7,4,0,'2009-04-04 19:47:59',105,NULL,NULL,NULL),(1166,5,1,2,7,15,2,0,'2009-04-04 19:48:00',8188,NULL,NULL,NULL),(1167,5,2,0,5,10,4,0,'2009-04-04 19:48:01',2278,NULL,NULL,NULL),(1168,5,2,2,10,2,6,0,'2009-04-04 19:48:01',1166,NULL,NULL,NULL),(1169,5,2,2,0,4,7,1,'2009-04-04 19:48:01',291,NULL,NULL,NULL),(1170,5,2,1,12,10,6,1,'2009-04-04 19:48:01',5674,NULL,NULL,NULL),(1171,5,2,1,13,8,0,0,'2009-04-04 19:48:02',9417,NULL,NULL,NULL),(1172,5,0,2,15,15,6,0,'2009-04-04 19:48:02',2901,NULL,NULL,NULL),(1173,5,0,0,3,8,7,1,'2009-04-04 19:48:02',5679,NULL,NULL,NULL),(1174,5,1,2,5,10,0,0,'2009-04-04 19:48:02',476,NULL,NULL,NULL),(1175,5,1,2,8,4,4,1,'2009-04-04 19:48:02',7075,NULL,NULL,NULL),(1176,5,1,0,11,10,6,0,'2009-04-04 19:48:02',5569,NULL,NULL,NULL),(1177,5,2,0,15,5,2,1,'2009-04-04 19:48:03',7826,NULL,NULL,NULL),(1178,5,1,1,7,0,6,0,'2009-04-04 19:48:03',1104,NULL,NULL,NULL),(1179,5,1,1,10,15,4,1,'2009-04-04 19:48:04',3117,NULL,NULL,NULL),(1180,5,0,1,8,3,0,0,'2009-04-04 19:48:04',4085,NULL,NULL,NULL),(1181,5,0,2,7,5,4,0,'2009-04-04 19:48:04',6518,NULL,NULL,NULL),(1182,5,0,1,8,4,0,0,'2009-04-04 19:48:04',5383,NULL,NULL,NULL),(1183,5,1,2,4,15,2,1,'2009-04-04 19:48:05',211,NULL,NULL,NULL),(1184,5,2,1,9,10,0,0,'2009-04-04 19:48:05',4379,NULL,NULL,NULL),(1185,5,1,1,8,11,7,1,'2009-04-04 19:48:05',5614,NULL,NULL,NULL),(1186,5,1,2,2,8,4,1,'2009-04-04 19:48:05',7568,NULL,NULL,NULL),(1187,5,2,2,6,5,6,1,'2009-04-04 19:48:05',8461,NULL,NULL,NULL),(1188,5,1,0,7,6,6,1,'2009-04-04 19:48:05',4617,NULL,NULL,NULL),(1189,5,1,0,15,10,2,0,'2009-04-04 19:48:05',6845,NULL,NULL,NULL),(1190,5,2,1,11,1,0,0,'2009-04-04 19:48:06',9622,NULL,NULL,NULL),(1191,5,2,1,1,3,5,1,'2009-04-04 19:48:07',6069,NULL,NULL,NULL),(1192,5,2,0,0,7,1,0,'2009-04-04 19:48:08',1699,NULL,NULL,NULL),(1193,5,2,2,13,15,2,0,'2009-04-04 19:48:08',9721,NULL,NULL,NULL),(1194,5,2,0,3,1,4,0,'2009-04-04 19:48:08',4213,NULL,NULL,NULL),(1195,5,1,1,0,4,4,1,'2009-04-04 19:48:09',3592,NULL,NULL,NULL),(1196,5,0,1,13,9,5,0,'2009-04-04 19:48:09',8840,NULL,NULL,NULL),(1197,5,1,1,6,14,0,1,'2009-04-04 19:48:09',1582,NULL,NULL,NULL),(1198,5,2,1,3,15,4,1,'2009-04-04 19:48:09',3728,NULL,NULL,NULL),(1199,5,0,1,13,6,6,0,'2009-04-04 19:48:09',1105,NULL,NULL,NULL),(1200,5,1,2,1,12,0,0,'2009-04-04 19:48:09',1623,NULL,NULL,NULL),(1201,5,2,1,1,13,4,1,'2009-04-04 19:48:10',2785,NULL,NULL,NULL),(1202,5,0,2,0,10,2,1,'2009-04-04 19:48:10',8029,NULL,NULL,NULL),(1203,5,1,0,8,11,2,1,'2009-04-04 19:48:10',6482,NULL,NULL,NULL),(1204,5,2,1,12,11,0,1,'2009-04-04 19:48:10',5945,NULL,NULL,NULL),(1205,5,0,1,9,11,0,0,'2009-04-04 19:48:10',1087,NULL,NULL,NULL),(1206,5,0,0,14,6,0,1,'2009-04-04 19:48:10',1306,NULL,NULL,NULL),(1207,5,2,1,0,14,5,1,'2009-04-04 19:48:10',8599,NULL,NULL,NULL),(1208,5,1,1,7,9,7,0,'2009-04-04 19:48:11',3085,NULL,NULL,NULL),(1209,5,0,1,1,9,0,0,'2009-04-04 19:48:11',335,NULL,NULL,NULL),(1210,5,0,1,2,0,0,0,'2009-04-04 19:48:11',8129,NULL,NULL,NULL),(1211,5,1,1,14,13,2,1,'2009-04-04 19:48:11',7841,NULL,NULL,NULL),(1212,5,0,2,5,7,5,0,'2009-04-04 19:48:11',2323,NULL,NULL,NULL),(1213,5,2,2,0,4,0,1,'2009-04-04 19:48:11',2306,NULL,NULL,NULL),(1214,5,2,2,12,1,6,1,'2009-04-04 19:48:12',7688,NULL,NULL,NULL),(1215,5,1,1,3,2,5,1,'2009-04-04 19:48:12',7759,NULL,NULL,NULL),(1216,5,1,2,4,1,0,1,'2009-04-04 19:48:13',6657,NULL,NULL,NULL),(1217,5,0,2,2,12,1,0,'2009-04-04 19:48:13',9214,NULL,NULL,NULL),(1218,5,2,2,0,14,0,1,'2009-04-04 19:48:14',7825,NULL,NULL,NULL),(1219,5,0,1,6,9,3,1,'2009-04-04 19:48:15',3237,NULL,NULL,NULL),(1220,5,0,2,8,12,0,0,'2009-04-04 19:48:15',3371,NULL,NULL,NULL),(1221,5,0,2,13,11,0,1,'2009-04-04 19:48:16',6494,NULL,NULL,NULL),(1222,5,2,0,4,14,7,0,'2009-04-04 19:48:16',5505,NULL,NULL,NULL),(1223,5,2,1,4,12,0,1,'2009-04-04 19:48:16',5834,NULL,NULL,NULL),(1224,5,2,0,5,10,2,0,'2009-04-04 19:48:16',5934,NULL,NULL,NULL),(1225,5,1,1,11,4,6,1,'2009-04-04 19:48:16',278,NULL,NULL,NULL),(1226,5,0,1,15,15,7,0,'2009-04-04 19:48:17',4408,NULL,NULL,NULL),(1227,5,1,2,6,4,0,1,'2009-04-04 19:48:18',2048,NULL,NULL,NULL),(1228,5,1,2,2,1,2,1,'2009-04-04 19:48:19',7974,NULL,NULL,NULL),(1229,5,0,2,13,10,3,0,'2009-04-04 19:48:19',4908,NULL,NULL,NULL),(1230,5,0,2,0,4,1,1,'2009-04-04 19:48:19',8993,NULL,NULL,NULL),(1231,5,1,2,3,4,0,1,'2009-04-04 19:48:19',1653,NULL,NULL,NULL),(1232,5,2,0,15,14,4,1,'2009-04-04 19:48:19',3307,NULL,NULL,NULL),(1233,5,0,2,13,4,2,0,'2009-04-04 19:48:19',1442,NULL,NULL,NULL),(1234,5,1,0,10,6,7,1,'2009-04-04 19:48:20',7302,NULL,NULL,NULL),(1235,5,1,0,4,11,6,0,'2009-04-04 19:48:21',3500,NULL,NULL,NULL),(1236,5,0,0,14,1,5,1,'2009-04-04 19:48:21',6558,NULL,NULL,NULL),(1237,5,1,1,0,15,7,1,'2009-04-04 19:48:21',2095,NULL,NULL,NULL),(1238,5,2,2,12,14,4,0,'2009-04-04 19:48:21',5369,NULL,NULL,NULL),(1239,5,2,0,9,2,0,0,'2009-04-04 19:48:22',1384,NULL,NULL,NULL),(1240,5,0,1,6,4,0,0,'2009-04-04 19:48:22',3980,NULL,NULL,NULL),(1241,5,2,0,1,5,0,0,'2009-04-04 19:48:22',551,NULL,NULL,NULL),(1242,5,1,0,10,5,2,1,'2009-04-04 19:48:23',7339,NULL,NULL,NULL),(1243,5,1,0,4,4,4,0,'2009-04-04 19:48:23',9749,NULL,NULL,NULL),(1244,5,2,1,3,10,5,0,'2009-04-04 19:48:23',1131,NULL,NULL,NULL),(1245,5,0,2,0,9,1,0,'2009-04-04 19:48:24',9976,NULL,NULL,NULL),(1246,5,2,0,12,3,5,1,'2009-04-04 19:48:24',96,NULL,NULL,NULL),(1247,5,0,1,13,9,7,1,'2009-04-04 19:48:24',5089,NULL,NULL,NULL),(1248,5,0,1,6,11,5,0,'2009-04-04 19:48:24',5284,NULL,NULL,NULL),(1249,5,1,0,14,15,1,0,'2009-04-04 19:48:24',9196,NULL,NULL,NULL),(1250,5,1,0,7,8,1,0,'2009-04-04 19:48:24',2125,NULL,NULL,NULL),(1251,5,1,1,15,13,0,1,'2009-04-04 19:48:24',2190,NULL,NULL,NULL),(1252,5,0,0,0,9,7,0,'2009-04-04 19:48:24',1102,NULL,NULL,NULL),(1253,5,0,1,6,1,2,1,'2009-04-04 19:48:25',7887,NULL,NULL,NULL),(1254,5,0,2,0,0,2,1,'2009-04-04 19:48:25',3338,NULL,NULL,NULL),(1255,5,0,1,0,9,4,0,'2009-04-04 19:48:25',5786,NULL,NULL,NULL),(1256,5,2,0,4,5,6,1,'2009-04-04 19:48:25',8420,NULL,NULL,NULL),(1257,5,1,2,2,6,0,1,'2009-04-04 19:48:25',7682,NULL,NULL,NULL),(1258,5,2,0,11,0,0,0,'2009-04-04 19:48:26',7944,NULL,NULL,NULL),(1259,5,0,2,10,6,4,0,'2009-04-04 19:48:26',4524,NULL,NULL,NULL),(1260,6,0,0,3,1,2,0,'2009-04-04 19:48:26',396,NULL,NULL,NULL),(1261,5,1,1,7,6,3,0,'2009-04-04 19:48:27',9538,NULL,NULL,NULL),(1262,5,2,1,3,15,0,0,'2009-04-04 19:48:27',474,NULL,NULL,NULL),(1263,5,1,0,13,9,2,1,'2009-04-04 19:48:28',5999,NULL,NULL,NULL),(1264,5,2,1,7,9,3,0,'2009-04-04 19:48:28',3126,NULL,NULL,NULL),(1265,5,1,2,7,1,0,0,'2009-04-04 19:48:28',1442,NULL,NULL,NULL),(1266,6,2,2,15,6,4,0,'2009-04-04 19:48:28',5235,NULL,NULL,NULL),(1267,6,1,0,9,13,0,1,'2009-04-04 19:48:28',2526,NULL,NULL,NULL),(1268,6,2,0,15,0,2,0,'2009-04-04 19:48:28',6405,NULL,NULL,NULL),(1269,6,0,1,9,0,0,1,'2009-04-04 19:48:28',8375,NULL,NULL,NULL),(1270,5,1,1,11,13,7,1,'2009-04-04 19:48:28',239,NULL,NULL,NULL),(1271,5,2,0,12,13,5,0,'2009-04-04 19:48:29',9776,NULL,NULL,NULL),(1272,5,2,2,6,6,5,0,'2009-04-04 19:48:29',8071,NULL,NULL,NULL),(1273,5,2,1,7,10,2,0,'2009-04-04 19:48:29',4754,NULL,NULL,NULL),(1274,5,1,2,1,15,2,1,'2009-04-04 19:48:29',2384,NULL,NULL,NULL),(1275,5,1,2,5,8,1,0,'2009-04-04 19:48:29',7361,NULL,NULL,NULL),(1276,6,2,0,5,1,6,0,'2009-04-04 19:48:29',8348,NULL,NULL,NULL),(1277,6,0,0,13,8,3,1,'2009-04-04 19:48:29',5006,NULL,NULL,NULL),(1278,6,0,0,10,4,0,0,'2009-04-04 19:48:29',658,NULL,NULL,NULL),(1279,6,1,0,4,9,7,1,'2009-04-04 19:48:29',5623,NULL,NULL,NULL),(1280,5,1,2,0,11,6,0,'2009-04-04 19:48:30',3311,NULL,NULL,NULL),(1281,5,2,2,3,2,4,0,'2009-04-04 19:48:30',194,NULL,NULL,NULL),(1282,5,1,0,11,12,7,1,'2009-04-04 19:48:30',9382,NULL,NULL,NULL),(1283,5,0,1,9,3,3,1,'2009-04-04 19:48:30',860,NULL,NULL,NULL),(1284,5,1,1,10,1,0,0,'2009-04-04 19:48:30',8515,NULL,NULL,NULL),(1285,5,0,0,6,9,0,0,'2009-04-04 19:48:31',2268,NULL,NULL,NULL),(1286,5,0,1,11,11,5,0,'2009-04-04 19:48:31',7940,NULL,NULL,NULL),(1287,6,0,1,12,9,2,0,'2009-04-04 19:48:31',5066,NULL,NULL,NULL),(1288,5,1,1,5,9,5,1,'2009-04-04 19:48:31',2581,NULL,NULL,NULL),(1289,5,2,0,8,3,7,1,'2009-04-04 19:48:32',8798,NULL,NULL,NULL),(1290,5,2,2,3,13,0,1,'2009-04-04 19:48:32',1955,NULL,NULL,NULL),(1291,5,1,1,4,13,2,0,'2009-04-04 19:48:32',9130,NULL,NULL,NULL),(1292,5,2,1,13,6,6,1,'2009-04-04 19:48:33',7217,NULL,NULL,NULL),(1293,5,2,2,11,7,1,1,'2009-04-04 19:48:33',8365,NULL,NULL,NULL),(1294,5,1,2,9,0,2,1,'2009-04-04 19:48:33',5147,NULL,NULL,NULL),(1295,5,0,2,7,12,3,1,'2009-04-04 19:48:34',8691,NULL,NULL,NULL),(1296,5,1,0,11,6,0,1,'2009-04-04 19:48:34',7222,NULL,NULL,NULL),(1297,5,2,2,12,13,0,1,'2009-04-04 19:48:34',9180,NULL,NULL,NULL),(1298,5,1,2,8,0,1,1,'2009-04-04 19:48:34',768,NULL,NULL,NULL),(1299,6,0,1,14,11,0,0,'2009-04-04 19:48:34',1237,NULL,NULL,NULL),(1300,6,1,1,3,1,2,1,'2009-04-04 19:48:34',431,NULL,NULL,NULL),(1301,6,0,0,11,11,2,0,'2009-04-04 19:48:34',924,NULL,NULL,NULL),(1302,6,2,0,6,14,2,1,'2009-04-04 19:48:34',5631,NULL,NULL,NULL),(1303,5,2,1,2,8,6,0,'2009-04-04 19:48:35',8358,NULL,NULL,NULL),(1304,5,1,1,1,1,7,1,'2009-04-04 19:48:35',2199,NULL,NULL,NULL),(1305,5,0,0,12,7,3,1,'2009-04-04 19:48:35',6629,NULL,NULL,NULL),(1306,6,2,2,1,7,6,0,'2009-04-04 19:48:36',4432,NULL,NULL,NULL),(1307,6,1,0,0,0,0,0,'2009-04-04 19:48:36',8323,NULL,NULL,NULL),(1308,5,0,2,15,10,1,1,'2009-04-04 19:48:36',177,NULL,NULL,NULL),(1309,5,1,0,1,1,0,0,'2009-04-04 19:48:36',3019,NULL,NULL,NULL),(1310,5,0,1,15,13,0,1,'2009-04-04 19:48:36',2643,NULL,NULL,NULL),(1311,5,1,2,5,1,1,0,'2009-04-04 19:48:36',8995,NULL,NULL,NULL),(1312,5,0,2,8,2,0,0,'2009-04-04 19:48:36',3914,NULL,NULL,NULL),(1313,5,1,0,9,10,2,0,'2009-04-04 19:48:36',5064,NULL,NULL,NULL),(1314,5,2,0,2,9,0,0,'2009-04-04 19:48:36',1860,NULL,NULL,NULL),(1315,5,1,2,11,14,0,0,'2009-04-04 19:48:37',4200,NULL,NULL,NULL),(1316,5,1,1,8,0,3,0,'2009-04-04 19:48:37',8960,NULL,NULL,NULL),(1317,5,0,2,6,3,7,1,'2009-04-04 19:48:37',4630,NULL,NULL,NULL),(1318,5,1,2,14,3,7,1,'2009-04-04 19:48:37',9324,NULL,NULL,NULL),(1319,6,1,2,9,11,3,0,'2009-04-04 19:48:37',632,NULL,NULL,NULL),(1320,6,2,2,15,7,1,0,'2009-04-04 19:48:37',3046,NULL,NULL,NULL),(1321,5,0,2,8,15,6,0,'2009-04-04 19:48:38',5754,NULL,NULL,NULL),(1322,5,0,2,15,14,1,1,'2009-04-04 19:48:38',6655,NULL,NULL,NULL),(1323,5,1,0,0,1,3,0,'2009-04-04 19:48:38',9495,NULL,NULL,NULL),(1324,5,0,1,3,14,7,1,'2009-04-04 19:48:38',587,NULL,NULL,NULL),(1325,5,2,2,14,6,3,0,'2009-04-04 19:48:39',993,NULL,NULL,NULL),(1326,5,2,1,11,6,7,0,'2009-04-04 19:48:39',7622,NULL,NULL,NULL),(1327,5,1,1,0,5,3,1,'2009-04-04 19:48:39',5895,NULL,NULL,NULL),(1328,5,2,2,11,7,7,0,'2009-04-04 19:48:39',4205,NULL,NULL,NULL),(1329,5,1,2,5,4,3,0,'2009-04-04 19:48:40',7902,NULL,NULL,NULL),(1330,5,0,1,6,15,2,1,'2009-04-04 19:48:40',5985,NULL,NULL,NULL),(1331,5,1,0,15,6,4,0,'2009-04-04 19:48:40',6111,NULL,NULL,NULL),(1332,5,0,0,1,7,4,1,'2009-04-04 19:48:40',4743,NULL,NULL,NULL),(1333,5,1,2,0,2,7,0,'2009-04-04 19:48:41',9882,NULL,NULL,NULL),(1334,5,1,1,13,10,0,1,'2009-04-04 19:48:41',5998,NULL,NULL,NULL),(1335,5,2,2,1,14,4,0,'2009-04-04 19:48:41',1541,NULL,NULL,NULL),(1336,5,0,1,12,1,4,0,'2009-04-04 19:48:41',5589,NULL,NULL,NULL),(1337,5,2,2,5,3,5,1,'2009-04-04 19:48:41',676,NULL,NULL,NULL),(1338,5,0,1,0,10,1,0,'2009-04-04 19:48:42',6698,NULL,NULL,NULL),(1339,5,0,2,11,11,0,1,'2009-04-04 19:48:42',1901,NULL,NULL,NULL),(1340,5,1,0,10,2,6,1,'2009-04-04 19:48:42',663,NULL,NULL,NULL),(1341,6,0,0,6,9,5,0,'2009-04-04 19:48:42',4750,NULL,NULL,NULL),(1342,5,2,2,11,1,2,1,'2009-04-04 19:48:42',8516,NULL,NULL,NULL),(1343,5,1,2,0,0,3,1,'2009-04-04 19:48:42',7699,NULL,NULL,NULL),(1344,5,2,0,0,15,1,1,'2009-04-04 19:48:43',6910,NULL,NULL,NULL),(1345,5,0,2,3,12,7,0,'2009-04-04 19:48:43',3128,NULL,NULL,NULL),(1346,5,1,0,14,6,4,1,'2009-04-04 19:48:43',2056,NULL,NULL,NULL),(1347,5,1,1,12,7,2,1,'2009-04-04 19:48:43',365,NULL,NULL,NULL),(1348,5,2,0,14,3,1,0,'2009-04-04 19:48:43',490,NULL,NULL,NULL),(1349,6,2,0,7,7,6,0,'2009-04-04 19:48:44',4022,NULL,NULL,NULL),(1350,5,0,0,4,13,1,1,'2009-04-04 19:48:44',1932,NULL,NULL,NULL),(1351,5,2,1,9,8,1,1,'2009-04-04 19:48:44',411,NULL,NULL,NULL),(1352,5,1,0,6,5,0,0,'2009-04-04 19:48:44',9444,NULL,NULL,NULL),(1353,5,1,1,15,13,7,0,'2009-04-04 19:48:45',9304,NULL,NULL,NULL),(1354,5,2,1,1,6,0,1,'2009-04-04 19:48:45',971,NULL,NULL,NULL),(1355,5,1,2,11,5,5,0,'2009-04-04 19:48:46',9393,NULL,NULL,NULL),(1356,5,0,1,12,10,6,1,'2009-04-04 19:48:46',2456,NULL,NULL,NULL),(1357,5,2,1,0,1,2,1,'2009-04-04 19:48:46',6173,NULL,NULL,NULL),(1358,5,0,1,4,14,4,0,'2009-04-04 19:48:46',511,NULL,NULL,NULL),(1359,5,2,0,11,9,5,1,'2009-04-04 19:48:46',7783,NULL,NULL,NULL),(1360,5,0,1,15,2,6,1,'2009-04-04 19:48:46',6834,NULL,NULL,NULL),(1361,5,2,1,4,8,0,1,'2009-04-04 19:48:47',5015,NULL,NULL,NULL),(1362,5,0,2,9,15,6,1,'2009-04-04 19:48:47',3190,NULL,NULL,NULL),(1363,5,2,0,5,0,1,1,'2009-04-04 19:48:48',6925,NULL,NULL,NULL),(1364,5,0,2,10,14,3,0,'2009-04-04 19:48:48',9420,NULL,NULL,NULL),(1365,5,0,1,2,7,2,1,'2009-04-04 19:48:48',8021,NULL,NULL,NULL),(1366,5,2,1,11,15,4,1,'2009-04-04 19:48:50',7114,NULL,NULL,NULL),(1367,5,1,1,0,3,1,1,'2009-04-04 19:48:50',8617,NULL,NULL,NULL),(1368,5,1,0,14,13,3,0,'2009-04-04 19:48:50',6223,NULL,NULL,NULL),(1369,5,1,0,1,2,2,1,'2009-04-04 19:48:50',825,NULL,NULL,NULL),(1370,5,0,0,8,12,6,1,'2009-04-04 19:48:51',3923,NULL,NULL,NULL),(1371,5,2,2,2,13,6,0,'2009-04-04 19:48:51',6052,NULL,NULL,NULL),(1372,5,2,2,7,14,3,1,'2009-04-04 19:48:51',718,NULL,NULL,NULL),(1373,5,1,0,8,6,7,0,'2009-04-04 19:48:51',7833,NULL,NULL,NULL),(1374,5,0,2,2,8,5,0,'2009-04-04 19:48:51',7253,NULL,NULL,NULL),(1375,5,0,0,6,3,3,0,'2009-04-04 19:48:52',4901,NULL,NULL,NULL),(1376,5,0,2,4,14,1,0,'2009-04-04 19:48:52',1548,NULL,NULL,NULL),(1377,5,0,1,11,7,4,1,'2009-04-04 19:48:52',3315,NULL,NULL,NULL),(1378,5,0,1,13,10,0,1,'2009-04-04 19:48:53',6504,NULL,NULL,NULL),(1379,5,0,1,5,2,1,0,'2009-04-04 19:48:53',8038,NULL,NULL,NULL),(1380,5,2,0,9,15,7,1,'2009-04-04 19:48:53',8836,NULL,NULL,NULL),(1381,5,0,0,9,10,4,0,'2009-04-04 19:48:53',7479,NULL,NULL,NULL),(1382,5,1,0,13,15,5,0,'2009-04-04 19:48:53',4407,NULL,NULL,NULL),(1383,5,0,2,14,1,1,0,'2009-04-04 19:48:54',3141,NULL,NULL,NULL),(1384,5,1,0,10,6,0,1,'2009-04-04 19:48:54',6200,NULL,NULL,NULL),(1385,5,2,1,3,14,7,1,'2009-04-04 19:48:54',5416,NULL,NULL,NULL),(1386,5,2,1,0,7,7,0,'2009-04-04 19:48:54',9528,NULL,NULL,NULL),(1387,5,2,1,14,5,1,1,'2009-04-04 19:48:55',6800,NULL,NULL,NULL),(1388,5,1,0,11,7,1,1,'2009-04-04 19:48:55',6326,NULL,NULL,NULL),(1389,5,2,1,0,2,3,0,'2009-04-04 19:48:55',4575,NULL,NULL,NULL),(1390,5,2,2,8,2,1,0,'2009-04-04 19:48:55',119,NULL,NULL,NULL),(1391,5,2,1,4,7,6,0,'2009-04-04 19:48:56',6933,NULL,NULL,NULL),(1392,5,2,1,1,0,4,0,'2009-04-04 19:48:56',2717,NULL,NULL,NULL),(1393,5,1,0,1,15,1,1,'2009-04-04 19:48:56',8300,NULL,NULL,NULL),(1394,5,2,2,9,5,4,1,'2009-04-04 19:48:57',8111,NULL,NULL,NULL),(1395,5,2,1,1,3,6,1,'2009-04-04 19:48:57',8761,NULL,NULL,NULL),(1396,5,1,1,14,2,6,1,'2009-04-04 19:48:57',9387,NULL,NULL,NULL),(1397,5,0,1,2,4,2,1,'2009-04-04 19:48:57',6396,NULL,NULL,NULL),(1398,5,1,2,10,4,5,0,'2009-04-04 19:48:57',2299,NULL,NULL,NULL),(1399,5,1,2,5,9,4,0,'2009-04-04 19:48:57',6631,NULL,NULL,NULL),(1400,5,1,2,0,7,4,0,'2009-04-04 19:48:58',8079,NULL,NULL,NULL),(1401,5,2,0,14,14,0,0,'2009-04-04 19:48:58',551,NULL,NULL,NULL),(1402,5,2,1,3,0,2,1,'2009-04-04 19:48:58',5741,NULL,NULL,NULL),(1403,5,1,0,14,9,4,1,'2009-04-04 19:48:58',1030,NULL,NULL,NULL),(1404,5,2,0,5,11,0,0,'2009-04-04 19:48:58',9079,NULL,NULL,NULL),(1405,5,1,1,3,6,5,0,'2009-04-04 19:48:58',8106,NULL,NULL,NULL),(1406,5,0,2,12,11,4,1,'2009-04-04 19:48:59',424,NULL,NULL,NULL),(1407,5,0,1,12,14,5,1,'2009-04-04 19:48:59',9305,NULL,NULL,NULL),(1408,5,0,2,6,7,4,1,'2009-04-04 19:48:59',4652,NULL,NULL,NULL),(1409,5,1,0,9,7,1,0,'2009-04-04 19:48:59',41,NULL,NULL,NULL),(1410,5,2,2,8,12,4,1,'2009-04-04 19:48:59',3488,NULL,NULL,NULL),(1411,5,2,0,8,3,0,1,'2009-04-04 19:49:01',8729,NULL,NULL,NULL),(1412,5,1,0,15,11,7,1,'2009-04-04 19:49:01',6314,NULL,NULL,NULL),(1413,5,0,0,4,6,6,0,'2009-04-04 19:49:01',607,NULL,NULL,NULL),(1414,5,1,0,14,3,6,0,'2009-04-04 19:49:01',8870,NULL,NULL,NULL),(1415,5,2,1,1,9,0,0,'2009-04-04 19:49:01',1105,NULL,NULL,NULL),(1416,5,0,0,7,12,4,0,'2009-04-04 19:49:01',6257,NULL,NULL,NULL),(1417,5,0,2,2,2,4,1,'2009-04-04 19:49:01',2176,NULL,NULL,NULL),(1418,5,1,0,0,3,1,0,'2009-04-04 19:49:01',1975,NULL,NULL,NULL),(1419,5,1,1,3,5,3,1,'2009-04-04 19:49:02',3483,NULL,NULL,NULL),(1420,5,1,2,13,0,3,1,'2009-04-04 19:49:02',1631,NULL,NULL,NULL),(1421,5,2,0,10,1,1,1,'2009-04-04 19:49:02',7335,NULL,NULL,NULL),(1422,5,1,0,8,7,6,0,'2009-04-04 19:49:02',4011,NULL,NULL,NULL),(1423,5,1,1,3,7,0,1,'2009-04-04 19:49:02',5489,NULL,NULL,NULL),(1424,5,0,1,0,5,0,1,'2009-04-04 19:49:02',5339,NULL,NULL,NULL),(1425,5,2,0,15,2,5,0,'2009-04-04 19:49:03',7175,NULL,NULL,NULL),(1426,5,0,2,3,10,2,1,'2009-04-04 19:49:03',9659,NULL,NULL,NULL),(1427,5,2,0,9,4,4,1,'2009-04-04 19:49:03',1354,NULL,NULL,NULL),(1428,5,0,2,4,9,0,1,'2009-04-04 19:49:03',4493,NULL,NULL,NULL),(1429,5,1,0,14,13,4,0,'2009-04-04 19:49:04',2289,NULL,NULL,NULL),(1430,5,0,0,9,9,2,0,'2009-04-04 19:49:04',9883,NULL,NULL,NULL),(1431,5,2,0,2,9,3,1,'2009-04-04 19:49:04',4745,NULL,NULL,NULL),(1432,5,1,2,3,10,7,1,'2009-04-04 19:49:04',6400,NULL,NULL,NULL),(1433,5,0,2,5,5,0,1,'2009-04-04 19:49:04',9980,NULL,NULL,NULL),(1434,5,2,1,1,9,3,0,'2009-04-04 19:49:05',3761,NULL,NULL,NULL),(1435,5,0,1,14,14,0,0,'2009-04-04 19:49:05',6099,NULL,NULL,NULL),(1436,5,2,0,15,9,2,0,'2009-04-04 19:49:05',9749,NULL,NULL,NULL),(1437,5,1,1,2,3,2,1,'2009-04-04 19:49:06',8693,NULL,NULL,NULL),(1438,5,1,1,14,7,0,0,'2009-04-04 19:49:06',7715,NULL,NULL,NULL),(1439,5,0,0,15,1,5,1,'2009-04-04 19:49:06',9115,NULL,NULL,NULL),(1440,5,1,0,7,12,0,1,'2009-04-04 19:49:07',2247,NULL,NULL,NULL),(1441,5,2,0,10,11,7,1,'2009-04-04 19:49:07',5090,NULL,NULL,NULL),(1442,5,2,1,9,10,2,0,'2009-04-04 19:49:08',4017,NULL,NULL,NULL),(1443,5,1,2,15,9,1,1,'2009-04-04 19:49:08',1060,NULL,NULL,NULL),(1444,5,0,1,0,14,1,0,'2009-04-04 19:49:09',6683,NULL,NULL,NULL),(1445,5,2,2,5,1,6,1,'2009-04-04 19:49:09',7531,NULL,NULL,NULL),(1446,5,1,2,15,7,1,1,'2009-04-04 19:49:09',9952,NULL,NULL,NULL),(1447,5,1,2,6,14,7,0,'2009-04-04 19:49:09',595,NULL,NULL,NULL),(1448,5,2,1,6,10,6,0,'2009-04-04 19:49:09',7064,NULL,NULL,NULL),(1449,5,2,2,2,0,5,0,'2009-04-04 19:49:09',6650,NULL,NULL,NULL),(1450,5,0,0,15,5,6,1,'2009-04-04 19:49:09',1662,NULL,NULL,NULL),(1451,5,2,2,11,6,0,0,'2009-04-04 19:49:10',9692,NULL,NULL,NULL),(1452,5,2,1,13,11,1,0,'2009-04-04 19:49:10',1349,NULL,NULL,NULL),(1453,5,2,0,3,3,1,1,'2009-04-04 19:49:10',2318,NULL,NULL,NULL),(1454,5,0,2,0,3,7,0,'2009-04-04 19:49:10',622,NULL,NULL,NULL),(1455,5,1,0,11,7,5,1,'2009-04-04 19:49:10',9605,NULL,NULL,NULL),(1456,5,1,2,9,15,1,0,'2009-04-04 19:49:11',5687,NULL,NULL,NULL),(1457,5,0,0,7,1,0,0,'2009-04-04 19:49:11',2540,NULL,NULL,NULL),(1458,5,2,1,1,13,0,1,'2009-04-04 19:49:11',150,NULL,NULL,NULL),(1459,5,2,2,4,9,6,1,'2009-04-04 19:49:11',2334,NULL,NULL,NULL),(1460,5,2,1,12,0,5,0,'2009-04-04 19:49:13',2720,NULL,NULL,NULL),(1461,5,2,0,6,8,0,1,'2009-04-04 19:49:13',4879,NULL,NULL,NULL),(1462,5,1,1,14,5,3,0,'2009-04-04 19:49:13',5909,NULL,NULL,NULL),(1463,5,1,2,4,15,4,0,'2009-04-04 19:49:13',3086,NULL,NULL,NULL),(1464,5,2,1,4,1,7,1,'2009-04-04 19:49:13',8837,NULL,NULL,NULL),(1465,5,2,0,6,2,7,0,'2009-04-04 19:49:13',2671,NULL,NULL,NULL),(1466,5,2,0,7,6,5,0,'2009-04-04 19:49:13',1707,NULL,NULL,NULL),(1467,5,2,2,7,13,6,1,'2009-04-04 19:49:14',6072,NULL,NULL,NULL),(1468,5,0,1,3,0,4,0,'2009-04-04 19:49:14',2989,NULL,NULL,NULL),(1469,5,2,2,0,15,3,1,'2009-04-04 19:49:14',4672,NULL,NULL,NULL),(1470,5,1,1,11,15,3,0,'2009-04-04 19:49:14',9932,NULL,NULL,NULL),(1471,5,2,1,15,7,7,0,'2009-04-04 19:49:15',1324,NULL,NULL,NULL),(1472,5,0,2,3,2,5,0,'2009-04-04 19:49:15',6050,NULL,NULL,NULL),(1473,5,0,2,15,5,5,0,'2009-04-04 19:49:15',985,NULL,NULL,NULL),(1474,5,0,0,11,9,4,0,'2009-04-04 19:49:15',4396,NULL,NULL,NULL),(1475,5,2,2,15,12,5,1,'2009-04-04 19:49:16',8982,NULL,NULL,NULL),(1476,5,2,0,14,14,6,0,'2009-04-04 19:49:16',5791,NULL,NULL,NULL),(1477,5,1,1,0,14,0,1,'2009-04-04 19:49:16',1028,NULL,NULL,NULL),(1478,5,1,0,9,3,7,0,'2009-04-04 19:49:16',1783,NULL,NULL,NULL),(1479,5,1,2,6,13,4,0,'2009-04-04 19:49:17',4228,NULL,NULL,NULL),(1480,5,1,2,10,8,6,0,'2009-04-04 19:49:17',4021,NULL,NULL,NULL),(1481,5,1,0,12,3,1,0,'2009-04-04 19:49:18',710,NULL,NULL,NULL),(1482,5,0,2,4,0,2,0,'2009-04-04 19:49:18',2634,NULL,NULL,NULL),(1483,5,1,0,5,8,4,1,'2009-04-04 19:49:18',1735,NULL,NULL,NULL),(1484,5,1,2,10,12,0,0,'2009-04-04 19:49:18',6938,NULL,NULL,NULL),(1485,5,2,2,13,15,1,1,'2009-04-04 19:49:18',6558,NULL,NULL,NULL),(1486,5,2,1,13,0,0,1,'2009-04-04 19:49:18',7046,NULL,NULL,NULL),(1487,5,0,0,11,12,0,1,'2009-04-04 19:49:19',1659,NULL,NULL,NULL),(1488,5,2,1,13,10,1,0,'2009-04-04 19:49:19',1141,NULL,NULL,NULL),(1489,5,2,1,12,3,2,1,'2009-04-04 19:49:20',7686,NULL,NULL,NULL),(1490,5,0,1,6,5,2,0,'2009-04-04 19:49:20',4605,NULL,NULL,NULL),(1491,5,2,1,14,13,4,0,'2009-04-04 19:49:20',1099,NULL,NULL,NULL),(1492,5,1,1,10,7,0,0,'2009-04-04 19:49:20',9197,NULL,NULL,NULL),(1493,5,0,2,4,8,7,0,'2009-04-04 19:49:20',2908,NULL,NULL,NULL),(1494,5,0,1,0,8,7,0,'2009-04-04 19:49:20',9904,NULL,NULL,NULL),(1495,5,0,0,3,3,5,0,'2009-04-04 19:49:20',1402,NULL,NULL,NULL),(1496,5,0,1,12,0,7,1,'2009-04-04 19:49:20',9954,NULL,NULL,NULL),(1497,5,2,1,14,4,6,0,'2009-04-04 19:49:21',9734,NULL,NULL,NULL),(1498,5,0,2,3,7,0,1,'2009-04-04 19:49:21',2662,NULL,NULL,NULL),(1499,5,1,2,12,13,4,0,'2009-04-04 19:49:21',4039,NULL,NULL,NULL),(1500,5,2,2,13,14,6,1,'2009-04-04 19:49:21',342,NULL,NULL,NULL),(1501,5,2,2,7,10,0,1,'2009-04-04 19:49:21',321,NULL,NULL,NULL),(1502,5,2,1,14,4,1,0,'2009-04-04 19:49:21',7256,NULL,NULL,NULL),(1503,5,0,2,1,2,6,1,'2009-04-04 19:49:22',1029,NULL,NULL,NULL),(1504,5,1,2,0,3,7,0,'2009-04-04 19:49:22',8885,NULL,NULL,NULL),(1505,5,2,2,13,3,3,1,'2009-04-04 19:49:22',6366,NULL,NULL,NULL),(1506,5,2,1,0,7,1,1,'2009-04-04 19:49:22',9018,NULL,NULL,NULL),(1507,5,1,2,15,4,2,1,'2009-04-04 19:49:23',8821,NULL,NULL,NULL),(1508,5,1,2,11,15,6,1,'2009-04-04 19:49:23',2125,NULL,NULL,NULL),(1509,5,1,0,5,13,7,1,'2009-04-04 19:49:24',9091,NULL,NULL,NULL),(1510,5,0,1,7,14,5,0,'2009-04-04 19:49:24',4221,NULL,NULL,NULL),(1511,5,2,2,9,1,5,0,'2009-04-04 19:49:25',4162,NULL,NULL,NULL),(1512,5,0,2,4,7,6,0,'2009-04-04 19:49:25',3419,NULL,NULL,NULL),(1513,5,0,0,15,12,5,0,'2009-04-04 19:49:25',8017,NULL,NULL,NULL),(1514,5,0,1,1,0,2,0,'2009-04-04 19:49:25',5415,NULL,NULL,NULL),(1515,5,0,0,13,7,6,0,'2009-04-04 19:49:25',3782,NULL,NULL,NULL),(1516,5,0,0,0,2,0,1,'2009-04-04 19:49:25',9819,NULL,NULL,NULL),(1517,5,2,2,6,2,3,1,'2009-04-04 19:49:26',4869,NULL,NULL,NULL),(1518,5,2,0,0,3,2,0,'2009-04-04 19:49:26',1595,NULL,NULL,NULL),(1519,5,0,0,6,6,4,1,'2009-04-04 19:49:26',2051,NULL,NULL,NULL),(1520,5,0,1,13,7,3,0,'2009-04-04 19:49:27',2325,NULL,NULL,NULL),(1521,5,1,2,10,12,5,1,'2009-04-04 19:49:27',9036,NULL,NULL,NULL),(1522,5,0,1,4,15,4,0,'2009-04-04 19:49:27',9678,NULL,NULL,NULL),(1523,5,0,1,1,1,0,1,'2009-04-04 19:49:28',5387,NULL,NULL,NULL),(1524,5,0,0,3,11,7,0,'2009-04-04 19:49:29',8743,NULL,NULL,NULL),(1525,5,1,0,1,3,5,0,'2009-04-04 19:49:29',8150,NULL,NULL,NULL),(1526,5,0,0,8,6,5,0,'2009-04-04 19:49:29',9576,NULL,NULL,NULL),(1527,5,0,0,13,3,7,0,'2009-04-04 19:49:30',1349,NULL,NULL,NULL),(1528,5,1,1,14,2,0,1,'2009-04-04 19:49:30',4405,NULL,NULL,NULL),(1529,5,0,0,0,4,6,0,'2009-04-04 19:49:30',4491,NULL,NULL,NULL),(1530,5,1,1,2,0,5,0,'2009-04-04 19:49:30',3059,NULL,NULL,NULL),(1531,5,1,2,13,9,6,0,'2009-04-04 19:49:31',319,NULL,NULL,NULL),(1532,5,2,2,12,8,0,0,'2009-04-04 19:49:32',3610,NULL,NULL,NULL),(1533,5,2,0,13,11,3,0,'2009-04-04 19:49:32',1703,NULL,NULL,NULL),(1534,5,1,1,0,11,7,0,'2009-04-04 19:49:32',6724,NULL,NULL,NULL),(1535,5,1,2,0,9,6,0,'2009-04-04 19:49:32',2215,NULL,NULL,NULL),(1536,5,1,1,6,9,7,1,'2009-04-04 19:49:32',7564,NULL,NULL,NULL),(1537,5,2,1,14,12,1,0,'2009-04-04 19:49:32',6046,NULL,NULL,NULL),(1538,5,0,0,6,8,4,0,'2009-04-04 19:49:33',4598,NULL,NULL,NULL),(1539,5,1,2,7,15,2,1,'2009-04-04 19:49:33',1219,NULL,NULL,NULL),(1540,5,1,0,0,8,0,0,'2009-04-04 19:49:33',7795,NULL,NULL,NULL),(1541,5,1,0,5,3,7,1,'2009-04-04 19:49:33',4615,NULL,NULL,NULL),(1542,5,0,2,13,7,0,1,'2009-04-04 19:49:33',7956,NULL,NULL,NULL),(1543,5,2,2,4,7,4,0,'2009-04-04 19:49:34',9173,NULL,NULL,NULL),(1544,5,1,0,7,8,1,0,'2009-04-04 19:49:34',2324,NULL,NULL,NULL),(1545,5,2,0,14,13,4,1,'2009-04-04 19:49:34',29,NULL,NULL,NULL),(1546,5,1,2,12,6,5,0,'2009-04-04 19:49:34',9866,NULL,NULL,NULL),(1547,5,0,1,4,4,3,0,'2009-04-04 19:49:34',928,NULL,NULL,NULL),(1548,5,2,1,5,9,0,0,'2009-04-04 19:49:34',2784,NULL,NULL,NULL),(1549,5,1,0,13,14,6,1,'2009-04-04 19:49:35',5831,NULL,NULL,NULL),(1550,5,0,2,7,9,6,0,'2009-04-04 19:49:35',8531,NULL,NULL,NULL),(1551,5,0,0,5,4,2,1,'2009-04-04 19:49:35',9208,NULL,NULL,NULL),(1552,5,2,0,10,12,0,1,'2009-04-04 19:49:36',8863,NULL,NULL,NULL),(1553,5,1,0,11,4,7,0,'2009-04-04 19:49:36',6548,NULL,NULL,NULL),(1554,5,1,1,3,13,2,1,'2009-04-04 19:49:36',2963,NULL,NULL,NULL),(1555,5,2,1,10,4,0,0,'2009-04-04 19:49:36',8256,NULL,NULL,NULL),(1556,5,0,1,1,14,0,1,'2009-04-04 19:49:36',6667,NULL,NULL,NULL),(1557,5,2,1,1,14,6,1,'2009-04-04 19:49:37',1095,NULL,NULL,NULL),(1558,5,2,2,2,15,3,1,'2009-04-04 19:49:37',7886,NULL,NULL,NULL),(1559,5,0,0,9,6,1,0,'2009-04-04 19:49:37',9666,NULL,NULL,NULL),(1560,5,1,2,11,3,1,1,'2009-04-04 19:49:37',2064,NULL,NULL,NULL),(1561,5,2,0,15,14,5,0,'2009-04-04 19:49:38',6513,NULL,NULL,NULL),(1562,5,2,2,9,11,3,0,'2009-04-04 19:49:38',9270,NULL,NULL,NULL),(1563,5,0,1,5,10,3,1,'2009-04-04 19:49:38',5017,NULL,NULL,NULL),(1564,5,1,1,7,7,5,0,'2009-04-04 19:49:38',2844,NULL,NULL,NULL),(1565,5,1,0,3,10,0,1,'2009-04-04 19:49:38',5030,NULL,NULL,NULL),(1566,5,2,0,7,15,4,1,'2009-04-04 19:49:38',5603,NULL,NULL,NULL),(1567,5,1,0,11,1,0,0,'2009-04-04 19:49:39',3658,NULL,NULL,NULL),(1568,5,1,1,12,14,2,0,'2009-04-04 19:49:39',6136,NULL,NULL,NULL),(1569,5,0,1,1,11,4,1,'2009-04-04 19:49:39',8968,NULL,NULL,NULL),(1570,5,0,2,2,4,4,0,'2009-04-04 19:49:39',2456,NULL,NULL,NULL),(1571,5,0,0,12,2,3,1,'2009-04-04 19:49:40',2276,NULL,NULL,NULL),(1572,5,2,0,6,13,4,0,'2009-04-04 19:49:40',6025,NULL,NULL,NULL),(1573,5,0,0,14,7,0,0,'2009-04-04 19:49:40',6816,NULL,NULL,NULL),(1574,5,0,2,4,11,6,0,'2009-04-04 19:49:41',1491,NULL,NULL,NULL),(1575,5,0,2,8,2,0,1,'2009-04-04 19:49:41',7499,NULL,NULL,NULL),(1576,5,2,1,12,5,4,1,'2009-04-04 19:49:41',8000,NULL,NULL,NULL),(1577,5,1,2,0,8,1,0,'2009-04-04 19:49:41',4003,NULL,NULL,NULL),(1578,5,1,0,12,10,5,0,'2009-04-04 19:49:42',8327,NULL,NULL,NULL),(1579,5,2,0,10,14,0,1,'2009-04-04 19:49:42',7140,NULL,NULL,NULL),(1580,5,0,0,5,1,4,0,'2009-04-04 19:49:42',3320,NULL,NULL,NULL),(1581,5,1,2,2,13,3,1,'2009-04-04 19:49:42',7492,NULL,NULL,NULL),(1582,5,1,2,0,14,5,1,'2009-04-04 19:49:43',5154,NULL,NULL,NULL),(1583,5,1,1,7,7,0,0,'2009-04-04 19:49:43',3248,NULL,NULL,NULL),(1584,5,0,2,3,9,2,1,'2009-04-04 19:49:43',7651,NULL,NULL,NULL),(1585,5,1,1,8,9,6,1,'2009-04-04 19:49:43',8933,NULL,NULL,NULL),(1586,5,1,1,6,15,5,0,'2009-04-04 19:49:43',849,NULL,NULL,NULL),(1587,5,1,1,10,7,5,0,'2009-04-04 19:49:43',2414,NULL,NULL,NULL),(1588,5,2,2,11,14,1,0,'2009-04-04 19:49:43',6797,NULL,NULL,NULL),(1589,5,2,2,5,5,7,0,'2009-04-04 19:49:43',3227,NULL,NULL,NULL),(1590,5,2,2,12,5,3,1,'2009-04-04 19:49:43',2851,NULL,NULL,NULL),(1591,5,2,2,12,4,0,0,'2009-04-04 19:49:43',1342,NULL,NULL,NULL),(1592,5,0,1,1,6,3,1,'2009-04-04 19:49:44',2941,NULL,NULL,NULL),(1593,5,1,0,1,11,7,1,'2009-04-04 19:49:45',4360,NULL,NULL,NULL),(1594,5,1,1,8,8,2,0,'2009-04-04 19:49:45',4968,NULL,NULL,NULL),(1595,5,0,1,15,2,5,1,'2009-04-04 19:49:45',925,NULL,NULL,NULL),(1596,5,2,1,10,9,3,1,'2009-04-04 19:49:45',4467,NULL,NULL,NULL),(1597,5,1,1,2,13,7,0,'2009-04-04 19:49:45',3642,NULL,NULL,NULL),(1598,5,1,1,15,12,4,0,'2009-04-04 19:49:45',9566,NULL,NULL,NULL),(1599,5,0,1,9,1,6,0,'2009-04-04 19:49:46',1372,NULL,NULL,NULL),(1600,5,1,2,12,2,5,0,'2009-04-04 19:49:47',5340,NULL,NULL,NULL),(1601,5,2,2,14,9,1,0,'2009-04-04 19:49:47',628,NULL,NULL,NULL),(1602,5,0,1,10,8,1,0,'2009-04-04 19:49:47',6845,NULL,NULL,NULL),(1603,5,1,1,0,9,0,0,'2009-04-04 19:49:48',5592,NULL,NULL,NULL),(1604,5,2,1,4,11,1,0,'2009-04-04 19:49:48',3120,NULL,NULL,NULL),(1605,5,1,1,15,8,5,1,'2009-04-04 19:49:48',4605,NULL,NULL,NULL),(1606,5,2,0,11,8,0,1,'2009-04-04 19:49:48',1412,NULL,NULL,NULL),(1607,5,0,1,6,7,1,0,'2009-04-04 19:49:49',8427,NULL,NULL,NULL),(1608,5,1,0,8,13,7,1,'2009-04-04 19:49:49',3376,NULL,NULL,NULL),(1609,5,2,0,1,13,1,0,'2009-04-04 19:49:50',5871,NULL,NULL,NULL),(1610,5,1,1,12,4,2,0,'2009-04-04 19:49:50',6857,NULL,NULL,NULL),(1611,5,0,0,7,3,2,1,'2009-04-04 19:49:50',4095,NULL,NULL,NULL),(1612,5,1,2,11,15,7,0,'2009-04-04 19:49:50',6350,NULL,NULL,NULL),(1613,5,0,1,12,2,7,0,'2009-04-04 19:49:50',7933,NULL,NULL,NULL),(1614,5,2,0,0,3,0,1,'2009-04-04 19:49:50',6038,NULL,NULL,NULL),(1615,5,1,2,3,3,4,1,'2009-04-04 19:49:51',5831,NULL,NULL,NULL),(1616,5,2,2,10,12,7,1,'2009-04-04 19:49:51',2562,NULL,NULL,NULL),(1617,5,1,2,1,5,0,0,'2009-04-04 19:49:52',4564,NULL,NULL,NULL),(1618,5,2,2,11,6,1,1,'2009-04-04 19:49:52',4241,NULL,NULL,NULL),(1619,5,2,1,6,14,7,1,'2009-04-04 19:49:52',9653,NULL,NULL,NULL),(1620,5,2,1,0,2,1,1,'2009-04-04 19:49:52',3055,NULL,NULL,NULL),(1621,5,0,1,5,11,4,0,'2009-04-04 19:49:53',9709,NULL,NULL,NULL),(1622,5,2,0,9,14,5,1,'2009-04-04 19:49:53',4080,NULL,NULL,NULL),(1623,5,2,1,9,8,6,0,'2009-04-04 19:49:53',4331,NULL,NULL,NULL),(1624,5,2,0,9,11,4,1,'2009-04-04 19:49:53',9393,NULL,NULL,NULL),(1625,5,2,2,12,3,5,0,'2009-04-04 19:49:54',2543,NULL,NULL,NULL),(1626,5,0,1,2,6,2,0,'2009-04-04 19:49:54',3053,NULL,NULL,NULL),(1627,5,0,0,1,12,6,0,'2009-04-04 19:49:54',1840,NULL,NULL,NULL),(1628,5,0,2,15,9,1,0,'2009-04-04 19:49:54',9783,NULL,NULL,NULL),(1629,5,1,2,4,0,5,0,'2009-04-04 19:49:54',718,NULL,NULL,NULL),(1630,5,1,0,2,14,0,0,'2009-04-04 19:49:54',358,NULL,NULL,NULL),(1631,5,2,2,3,13,7,1,'2009-04-04 19:49:54',982,NULL,NULL,NULL),(1632,5,0,1,0,13,2,0,'2009-04-04 19:49:55',8065,NULL,NULL,NULL),(1633,5,1,2,9,11,0,0,'2009-04-04 19:49:55',1281,NULL,NULL,NULL),(1634,5,2,1,4,8,2,0,'2009-04-04 19:49:57',5716,NULL,NULL,NULL),(1635,5,2,1,11,8,2,0,'2009-04-04 19:49:58',6793,NULL,NULL,NULL),(1636,5,0,1,3,7,4,1,'2009-04-04 19:49:58',8216,NULL,NULL,NULL),(1637,5,2,2,5,5,6,0,'2009-04-04 19:49:59',1887,NULL,NULL,NULL),(1638,5,0,1,9,13,5,1,'2009-04-04 19:49:59',829,NULL,NULL,NULL),(1639,5,1,2,2,3,2,0,'2009-04-04 19:49:59',8948,NULL,NULL,NULL),(1640,5,0,1,2,10,5,1,'2009-04-04 19:49:59',3842,NULL,NULL,NULL),(1641,5,1,1,13,14,1,0,'2009-04-04 19:49:59',5058,NULL,NULL,NULL),(1642,5,0,2,1,13,3,0,'2009-04-04 19:49:59',7305,NULL,NULL,NULL),(1643,5,2,1,1,15,5,1,'2009-04-04 19:49:59',1469,NULL,NULL,NULL),(1644,5,1,0,15,8,7,1,'2009-04-04 19:50:00',127,NULL,NULL,NULL),(1645,5,0,0,2,5,0,1,'2009-04-04 19:50:00',7469,NULL,NULL,NULL),(1646,5,0,0,14,2,2,1,'2009-04-04 19:50:00',2580,NULL,NULL,NULL),(1647,5,0,2,8,6,1,0,'2009-04-04 19:50:00',2789,NULL,NULL,NULL),(1648,5,0,1,10,14,1,0,'2009-04-04 19:50:00',6710,NULL,NULL,NULL),(1649,5,0,1,15,9,6,1,'2009-04-04 19:50:00',5128,NULL,NULL,NULL),(1650,5,2,2,13,6,5,1,'2009-04-04 19:50:00',5346,NULL,NULL,NULL),(1651,5,2,2,0,6,1,1,'2009-04-04 19:50:00',2478,NULL,NULL,NULL),(1652,5,1,1,0,2,5,0,'2009-04-04 19:50:00',2724,NULL,NULL,NULL),(1653,5,1,0,2,2,4,1,'2009-04-04 19:50:00',2699,NULL,NULL,NULL),(1654,5,0,0,7,9,4,0,'2009-04-04 19:50:01',6484,NULL,NULL,NULL),(1655,5,0,0,2,9,5,1,'2009-04-04 19:50:01',436,NULL,NULL,NULL),(1656,5,2,1,5,4,0,0,'2009-04-04 19:50:02',5214,NULL,NULL,NULL),(1657,5,2,1,13,10,5,1,'2009-04-04 19:50:02',2380,NULL,NULL,NULL),(1658,5,2,1,9,10,0,1,'2009-04-04 19:50:03',5415,NULL,NULL,NULL),(1659,5,0,1,6,14,0,0,'2009-04-04 19:50:03',1659,NULL,NULL,NULL),(1660,5,0,1,6,6,0,0,'2009-04-04 19:50:03',8876,NULL,NULL,NULL),(1661,5,0,1,5,2,5,1,'2009-04-04 19:50:03',9957,NULL,NULL,NULL),(1662,5,0,0,2,9,0,0,'2009-04-04 19:50:03',2291,NULL,NULL,NULL),(1663,5,0,0,5,5,5,0,'2009-04-04 19:50:04',1436,NULL,NULL,NULL),(1664,5,1,1,11,2,1,0,'2009-04-04 19:50:04',6417,NULL,NULL,NULL),(1665,5,0,2,14,4,5,0,'2009-04-04 19:50:04',9573,NULL,NULL,NULL),(1666,5,2,2,12,15,6,0,'2009-04-04 19:50:04',1266,NULL,NULL,NULL),(1667,5,2,1,0,3,0,1,'2009-04-04 19:50:05',7153,NULL,NULL,NULL),(1668,5,0,0,13,3,7,0,'2009-04-04 19:50:05',470,NULL,NULL,NULL),(1669,5,2,2,8,15,0,1,'2009-04-04 19:50:05',9609,NULL,NULL,NULL),(1670,5,2,1,4,15,1,0,'2009-04-04 19:50:05',3825,NULL,NULL,NULL),(1671,5,1,1,4,2,5,0,'2009-04-04 19:50:05',6461,NULL,NULL,NULL),(1672,5,0,0,6,3,3,0,'2009-04-04 19:50:06',6890,NULL,NULL,NULL),(1673,5,1,1,0,0,5,1,'2009-04-04 19:50:06',1584,NULL,NULL,NULL),(1674,5,0,1,1,1,2,1,'2009-04-04 19:50:06',3257,NULL,NULL,NULL),(1675,5,1,1,4,14,3,0,'2009-04-04 19:50:07',5762,NULL,NULL,NULL),(1676,5,0,1,8,11,0,0,'2009-04-04 19:50:07',8871,NULL,NULL,NULL),(1677,5,0,0,4,2,6,1,'2009-04-04 19:50:07',8076,NULL,NULL,NULL),(1678,5,1,0,14,7,6,1,'2009-04-04 19:50:07',4752,NULL,NULL,NULL),(1679,5,1,2,8,13,7,1,'2009-04-04 19:50:07',3706,NULL,NULL,NULL),(1680,5,2,1,15,4,7,0,'2009-04-04 19:50:08',8104,NULL,NULL,NULL),(1681,5,0,0,3,11,5,1,'2009-04-04 19:50:08',8895,NULL,NULL,NULL),(1682,5,0,2,1,4,0,1,'2009-04-04 19:50:08',8805,NULL,NULL,NULL),(1683,5,1,2,9,14,0,0,'2009-04-04 19:50:08',7298,NULL,NULL,NULL),(1684,5,1,0,1,7,4,0,'2009-04-04 19:50:09',2275,NULL,NULL,NULL),(1685,5,1,1,9,7,2,1,'2009-04-04 19:50:09',649,NULL,NULL,NULL),(1686,5,1,0,4,9,7,1,'2009-04-04 19:50:09',3854,NULL,NULL,NULL),(1687,5,1,0,13,4,0,0,'2009-04-04 19:50:09',2405,NULL,NULL,NULL),(1688,5,1,1,1,8,7,1,'2009-04-04 19:50:09',9613,NULL,NULL,NULL),(1689,5,1,0,7,4,3,0,'2009-04-04 19:50:10',3808,NULL,NULL,NULL),(1690,5,2,1,14,15,2,0,'2009-04-04 19:50:10',5151,NULL,NULL,NULL),(1691,5,2,1,11,5,0,1,'2009-04-04 19:50:10',4753,NULL,NULL,NULL),(1692,5,1,1,8,10,0,0,'2009-04-04 19:50:10',9560,NULL,NULL,NULL),(1693,5,0,0,6,3,3,0,'2009-04-04 19:50:10',5452,NULL,NULL,NULL),(1694,5,2,0,0,14,4,1,'2009-04-04 19:50:10',1126,NULL,NULL,NULL),(1695,5,2,2,7,8,0,0,'2009-04-04 19:50:10',1918,NULL,NULL,NULL),(1696,5,1,1,6,7,7,1,'2009-04-04 19:50:11',1737,NULL,NULL,NULL),(1697,5,1,0,9,4,1,1,'2009-04-04 19:50:11',7065,NULL,NULL,NULL),(1698,5,2,0,2,0,0,0,'2009-04-04 19:50:11',8714,NULL,NULL,NULL),(1699,5,1,0,2,15,7,1,'2009-04-04 19:50:11',8698,NULL,NULL,NULL),(1700,5,0,2,15,12,6,0,'2009-04-04 19:50:11',3255,NULL,NULL,NULL),(1701,5,0,0,12,12,0,0,'2009-04-04 19:50:11',71,NULL,NULL,NULL),(1702,5,0,0,2,2,3,1,'2009-04-04 19:50:11',6299,NULL,NULL,NULL),(1703,5,1,1,0,1,7,1,'2009-04-04 19:50:12',1762,NULL,NULL,NULL),(1704,5,1,2,7,12,6,0,'2009-04-04 19:50:12',1978,NULL,NULL,NULL),(1705,5,2,2,1,0,0,1,'2009-04-04 19:50:12',6963,NULL,NULL,NULL),(1706,5,0,0,9,10,6,1,'2009-04-04 19:50:12',1373,NULL,NULL,NULL),(1707,5,1,0,6,3,3,0,'2009-04-04 19:50:12',3263,NULL,NULL,NULL),(1708,5,1,0,11,10,4,0,'2009-04-04 19:50:12',8696,NULL,NULL,NULL),(1709,5,0,0,7,7,7,0,'2009-04-04 19:50:12',7156,NULL,NULL,NULL),(1710,5,0,2,14,14,6,1,'2009-04-04 19:50:12',8456,NULL,NULL,NULL),(1711,5,1,1,4,13,6,0,'2009-04-04 19:50:13',3660,NULL,NULL,NULL),(1712,5,2,1,4,4,6,0,'2009-04-04 19:50:13',5425,NULL,NULL,NULL),(1713,5,1,0,9,10,3,0,'2009-04-04 19:50:13',1308,NULL,NULL,NULL),(1714,5,0,0,0,7,0,0,'2009-04-04 19:50:13',6505,NULL,NULL,NULL),(1715,5,1,1,15,6,3,1,'2009-04-04 19:50:14',5671,NULL,NULL,NULL),(1716,5,0,1,11,15,1,0,'2009-04-04 19:50:14',3942,NULL,NULL,NULL),(1717,5,2,1,6,4,5,1,'2009-04-04 19:50:14',578,NULL,NULL,NULL),(1718,5,2,2,2,1,7,0,'2009-04-04 19:50:14',7196,NULL,NULL,NULL),(1719,5,2,2,5,2,0,1,'2009-04-04 19:50:14',9527,NULL,NULL,NULL),(1720,5,0,1,0,1,5,0,'2009-04-04 19:50:15',3243,NULL,NULL,NULL),(1721,5,2,0,11,3,7,1,'2009-04-04 19:50:15',5354,NULL,NULL,NULL),(1722,5,2,0,4,4,7,0,'2009-04-04 19:50:15',9590,NULL,NULL,NULL),(1723,5,0,0,1,0,5,1,'2009-04-04 19:50:15',6707,NULL,NULL,NULL),(1724,5,1,1,11,2,1,1,'2009-04-04 19:50:17',2007,NULL,NULL,NULL),(1725,5,0,2,8,3,5,0,'2009-04-04 19:50:17',1082,NULL,NULL,NULL),(1726,5,1,1,11,3,2,1,'2009-04-04 19:50:17',4480,NULL,NULL,NULL),(1727,5,0,1,10,15,4,1,'2009-04-04 19:50:17',1454,NULL,NULL,NULL),(1728,5,0,0,8,0,5,0,'2009-04-04 19:50:17',5694,NULL,NULL,NULL),(1729,5,1,0,12,6,1,1,'2009-04-04 19:50:17',9991,NULL,NULL,NULL),(1730,5,0,2,2,6,2,1,'2009-04-04 19:50:17',580,NULL,NULL,NULL),(1731,5,2,2,0,4,5,0,'2009-04-04 19:50:18',4741,NULL,NULL,NULL),(1732,5,1,1,6,5,2,0,'2009-04-04 19:50:18',3108,NULL,NULL,NULL),(1733,5,0,2,2,10,0,1,'2009-04-04 19:50:18',1489,NULL,NULL,NULL),(1734,5,0,1,15,1,7,1,'2009-04-04 19:50:19',9763,NULL,NULL,NULL),(1735,5,2,0,0,7,2,1,'2009-04-04 19:50:19',1672,NULL,NULL,NULL),(1736,5,0,1,13,13,2,1,'2009-04-04 19:50:19',3231,NULL,NULL,NULL),(1737,5,1,2,3,5,0,0,'2009-04-04 19:50:19',4580,NULL,NULL,NULL),(1738,5,2,1,10,13,1,0,'2009-04-04 19:50:19',7255,NULL,NULL,NULL),(1739,5,2,1,2,10,4,1,'2009-04-04 19:50:19',8262,NULL,NULL,NULL),(1740,5,1,1,9,4,6,0,'2009-04-04 19:50:19',2029,NULL,NULL,NULL),(1741,5,0,0,5,10,3,0,'2009-04-04 19:50:19',6762,NULL,NULL,NULL),(1742,5,0,1,14,4,0,0,'2009-04-04 19:50:20',6769,NULL,NULL,NULL),(1743,5,0,2,13,7,1,0,'2009-04-04 19:50:20',6362,NULL,NULL,NULL),(1744,5,2,2,3,7,0,0,'2009-04-04 19:50:20',4786,NULL,NULL,NULL),(1745,5,1,0,0,13,0,0,'2009-04-04 19:50:21',8225,NULL,NULL,NULL),(1746,5,1,1,3,11,0,1,'2009-04-04 19:50:21',5079,NULL,NULL,NULL),(1747,5,0,0,9,8,4,0,'2009-04-04 19:50:21',767,NULL,NULL,NULL),(1748,5,0,2,1,5,4,1,'2009-04-04 19:50:21',3551,NULL,NULL,NULL),(1749,5,2,0,14,2,0,0,'2009-04-04 19:50:21',1983,NULL,NULL,NULL),(1750,5,2,0,6,8,6,0,'2009-04-04 19:50:22',5815,NULL,NULL,NULL),(1751,5,2,1,10,0,0,1,'2009-04-04 19:50:22',8372,NULL,NULL,NULL),(1752,5,1,1,4,7,2,1,'2009-04-04 19:50:22',6355,NULL,NULL,NULL),(1753,5,1,1,9,14,6,0,'2009-04-04 19:50:22',2174,NULL,NULL,NULL),(1754,5,2,1,9,8,4,1,'2009-04-04 19:50:22',7298,NULL,NULL,NULL),(1755,5,1,2,0,15,1,0,'2009-04-04 19:50:23',2090,NULL,NULL,NULL),(1756,5,2,0,15,7,0,1,'2009-04-04 19:50:23',7503,NULL,NULL,NULL),(1757,5,2,0,0,11,5,1,'2009-04-04 19:50:23',1913,NULL,NULL,NULL),(1758,5,0,0,15,6,3,1,'2009-04-04 19:50:23',8860,NULL,NULL,NULL),(1759,5,2,1,14,12,6,0,'2009-04-04 19:50:24',8338,NULL,NULL,NULL),(1760,5,1,0,0,7,2,0,'2009-04-04 19:50:25',237,NULL,NULL,NULL),(1761,5,2,0,2,10,1,1,'2009-04-04 19:50:25',488,NULL,NULL,NULL),(1762,5,0,1,15,6,5,1,'2009-04-04 19:50:25',2338,NULL,NULL,NULL),(1763,5,1,2,8,12,3,0,'2009-04-04 19:50:25',5690,NULL,NULL,NULL),(1764,5,1,1,7,5,1,1,'2009-04-04 19:50:25',4807,NULL,NULL,NULL),(1765,5,0,2,2,6,2,1,'2009-04-04 19:50:25',2193,NULL,NULL,NULL),(1766,5,1,0,2,6,4,0,'2009-04-04 19:50:25',6271,NULL,NULL,NULL),(1767,5,1,1,2,15,0,0,'2009-04-04 19:50:25',4259,NULL,NULL,NULL),(1768,5,2,2,6,11,2,1,'2009-04-04 19:50:25',8695,NULL,NULL,NULL),(1769,5,0,2,13,9,6,1,'2009-04-04 19:50:26',6699,NULL,NULL,NULL),(1770,5,1,1,2,14,7,1,'2009-04-04 19:50:26',6108,NULL,NULL,NULL),(1771,5,0,2,8,11,4,0,'2009-04-04 19:50:27',9900,NULL,NULL,NULL),(1772,5,1,1,2,14,7,0,'2009-04-04 19:50:27',2584,NULL,NULL,NULL),(1773,5,2,2,7,10,0,1,'2009-04-04 19:50:27',8745,NULL,NULL,NULL),(1774,5,0,1,8,6,1,1,'2009-04-04 19:50:27',8764,NULL,NULL,NULL),(1775,5,0,1,10,4,0,0,'2009-04-04 19:50:27',1370,NULL,NULL,NULL),(1776,5,1,1,3,12,1,0,'2009-04-04 19:50:27',6929,NULL,NULL,NULL),(1777,5,1,2,1,5,4,1,'2009-04-04 19:50:27',4352,NULL,NULL,NULL),(1778,5,2,0,6,15,4,1,'2009-04-04 19:50:28',5946,NULL,NULL,NULL),(1779,5,0,2,6,4,1,0,'2009-04-04 19:50:28',6835,NULL,NULL,NULL),(1780,5,0,1,2,5,3,0,'2009-04-04 19:50:28',8024,NULL,NULL,NULL),(1781,5,0,1,10,2,0,1,'2009-04-04 19:50:28',8129,NULL,NULL,NULL),(1782,5,2,0,1,13,7,0,'2009-04-04 19:50:28',7070,NULL,NULL,NULL),(1783,5,1,0,1,6,2,1,'2009-04-04 19:50:28',994,NULL,NULL,NULL),(1784,5,2,0,13,6,6,0,'2009-04-04 19:50:29',5334,NULL,NULL,NULL),(1785,5,0,2,12,1,2,0,'2009-04-04 19:50:29',5085,NULL,NULL,NULL),(1786,5,1,1,4,2,7,0,'2009-04-04 19:50:30',5946,NULL,NULL,NULL),(1787,5,0,2,5,1,3,1,'2009-04-04 19:50:31',6107,NULL,NULL,NULL),(1788,5,1,1,6,14,4,0,'2009-04-04 19:50:31',1550,NULL,NULL,NULL),(1789,5,0,2,8,12,1,1,'2009-04-04 19:50:31',8471,NULL,NULL,NULL),(1790,5,0,1,5,5,2,1,'2009-04-04 19:50:31',5164,NULL,NULL,NULL),(1791,5,0,0,11,12,4,1,'2009-04-04 19:50:31',3285,NULL,NULL,NULL),(1792,5,0,0,1,11,6,0,'2009-04-04 19:50:31',9709,NULL,NULL,NULL),(1793,5,2,2,2,5,6,1,'2009-04-04 19:50:31',5644,NULL,NULL,NULL),(1794,5,0,1,8,5,7,0,'2009-04-04 19:50:32',1663,NULL,NULL,NULL),(1795,5,0,0,0,7,0,1,'2009-04-04 19:50:32',1501,NULL,NULL,NULL),(1796,5,1,1,0,12,4,1,'2009-04-04 19:50:33',5901,NULL,NULL,NULL),(1797,5,2,0,4,13,1,1,'2009-04-04 19:50:33',5817,NULL,NULL,NULL),(1798,5,2,1,7,7,5,1,'2009-04-04 19:50:33',6012,NULL,NULL,NULL),(1799,5,1,1,10,6,5,1,'2009-04-04 19:50:33',5121,NULL,NULL,NULL),(1800,5,2,1,13,0,6,1,'2009-04-04 19:50:33',6608,NULL,NULL,NULL),(1801,5,0,1,1,11,6,0,'2009-04-04 19:50:33',5193,NULL,NULL,NULL),(1802,5,2,0,10,1,4,1,'2009-04-04 19:50:34',9119,NULL,NULL,NULL),(1803,5,1,0,11,11,6,0,'2009-04-04 19:50:34',8278,NULL,NULL,NULL),(1804,5,2,1,6,14,7,1,'2009-04-04 19:50:34',3351,NULL,NULL,NULL),(1805,5,1,0,0,11,1,0,'2009-04-04 19:50:34',4338,NULL,NULL,NULL),(1806,5,0,1,2,8,6,0,'2009-04-04 19:50:34',4797,NULL,NULL,NULL),(1807,5,1,0,12,15,0,1,'2009-04-04 19:50:34',3777,NULL,NULL,NULL),(1808,5,0,2,12,11,5,0,'2009-04-04 19:50:35',9220,NULL,NULL,NULL),(1809,5,2,0,1,14,2,1,'2009-04-04 19:50:35',7231,NULL,NULL,NULL),(1810,5,1,2,3,12,0,0,'2009-04-04 19:50:35',4889,NULL,NULL,NULL),(1811,5,0,0,12,15,1,1,'2009-04-04 19:50:35',615,NULL,NULL,NULL),(1812,5,2,1,7,11,2,1,'2009-04-04 19:50:35',2741,NULL,NULL,NULL),(1813,5,1,2,7,10,7,0,'2009-04-04 19:50:35',7843,NULL,NULL,NULL),(1814,5,2,1,11,4,1,1,'2009-04-04 19:50:36',6608,NULL,NULL,NULL),(1815,5,1,1,14,14,1,1,'2009-04-04 19:50:36',3364,NULL,NULL,NULL),(1816,5,1,0,5,2,2,1,'2009-04-04 19:50:36',8917,NULL,NULL,NULL),(1817,5,2,1,7,7,4,0,'2009-04-04 19:50:36',8580,NULL,NULL,NULL),(1818,5,1,1,1,15,1,1,'2009-04-04 19:50:37',6478,NULL,NULL,NULL),(1819,5,1,0,5,14,5,0,'2009-04-04 19:50:37',7088,NULL,NULL,NULL),(1820,5,2,0,8,1,2,1,'2009-04-04 19:50:37',9509,NULL,NULL,NULL),(1821,5,1,0,6,15,5,1,'2009-04-04 19:50:37',7833,NULL,NULL,NULL),(1822,5,1,0,8,11,3,1,'2009-04-04 19:50:38',4362,NULL,NULL,NULL),(1823,5,0,1,2,13,1,1,'2009-04-04 19:50:38',9064,NULL,NULL,NULL),(1824,5,0,0,8,15,1,0,'2009-04-04 19:50:38',1703,NULL,NULL,NULL),(1825,5,1,2,1,0,6,0,'2009-04-04 19:50:38',3413,NULL,NULL,NULL),(1826,5,0,1,4,1,3,0,'2009-04-04 19:50:38',35,NULL,NULL,NULL),(1827,5,1,2,6,1,3,0,'2009-04-04 19:50:39',6573,NULL,NULL,NULL),(1828,5,1,1,15,10,7,0,'2009-04-04 19:50:39',8799,NULL,NULL,NULL),(1829,5,1,2,6,5,3,1,'2009-04-04 19:50:39',8448,NULL,NULL,NULL),(1830,5,2,2,4,12,1,0,'2009-04-04 19:50:39',8110,NULL,NULL,NULL),(1831,5,0,2,4,3,1,1,'2009-04-04 19:50:41',8511,NULL,NULL,NULL),(1832,5,0,2,3,14,5,0,'2009-04-04 19:50:41',4858,NULL,NULL,NULL),(1833,5,0,1,10,3,0,1,'2009-04-04 19:50:41',5000,NULL,NULL,NULL),(1834,5,0,0,8,14,3,1,'2009-04-04 19:50:41',2218,NULL,NULL,NULL),(1835,5,2,1,7,3,4,0,'2009-04-04 19:50:42',1361,NULL,NULL,NULL),(1836,5,1,1,9,0,2,0,'2009-04-04 19:50:42',119,NULL,NULL,NULL),(1837,5,1,0,12,13,6,1,'2009-04-04 19:50:42',5414,NULL,NULL,NULL),(1838,5,0,2,4,6,1,0,'2009-04-04 19:50:42',3363,NULL,NULL,NULL),(1839,5,0,2,0,10,0,0,'2009-04-04 19:50:43',9165,NULL,NULL,NULL),(1840,5,2,0,8,9,5,0,'2009-04-04 19:50:43',1543,NULL,NULL,NULL),(1841,5,2,2,0,4,6,0,'2009-04-04 19:50:43',4496,NULL,NULL,NULL),(1842,5,1,2,13,12,6,0,'2009-04-04 19:50:44',4976,NULL,NULL,NULL),(1843,5,0,0,12,8,5,0,'2009-04-04 19:50:44',4308,NULL,NULL,NULL),(1844,5,2,2,8,14,5,0,'2009-04-04 19:50:44',4543,NULL,NULL,NULL),(1845,5,0,0,14,2,7,0,'2009-04-04 19:50:44',6283,NULL,NULL,NULL),(1846,5,2,1,13,0,7,1,'2009-04-04 19:50:44',3464,NULL,NULL,NULL),(1847,5,0,2,9,9,3,0,'2009-04-04 19:50:44',8023,NULL,NULL,NULL),(1848,5,0,0,15,9,2,0,'2009-04-04 19:50:44',375,NULL,NULL,NULL),(1849,5,0,2,9,1,2,1,'2009-04-04 19:50:46',3174,NULL,NULL,NULL),(1850,5,2,1,14,8,7,1,'2009-04-04 19:50:46',3110,NULL,NULL,NULL),(1851,5,2,2,2,1,2,0,'2009-04-04 19:50:46',6349,NULL,NULL,NULL),(1852,5,2,1,10,10,6,0,'2009-04-04 19:50:46',8416,NULL,NULL,NULL),(1853,5,1,1,5,12,3,0,'2009-04-04 19:50:47',2587,NULL,NULL,NULL),(1854,5,0,1,8,0,3,1,'2009-04-04 19:50:47',4467,NULL,NULL,NULL),(1855,5,1,2,1,1,5,1,'2009-04-04 19:50:47',6424,NULL,NULL,NULL),(1856,5,2,0,15,12,6,1,'2009-04-04 19:50:47',3161,NULL,NULL,NULL),(1857,5,1,0,2,9,0,0,'2009-04-04 19:50:48',4376,NULL,NULL,NULL),(1858,5,0,1,14,1,7,1,'2009-04-04 19:50:49',7,NULL,NULL,NULL),(1859,5,1,1,6,7,1,1,'2009-04-04 19:50:49',4199,NULL,NULL,NULL),(1860,5,2,1,2,6,1,1,'2009-04-04 19:50:49',9677,NULL,NULL,NULL),(1861,5,1,1,12,12,1,0,'2009-04-04 19:50:49',1352,NULL,NULL,NULL),(1862,5,2,1,9,3,6,0,'2009-04-04 19:50:50',7555,NULL,NULL,NULL),(1863,5,1,1,15,13,6,0,'2009-04-04 19:50:50',709,NULL,NULL,NULL),(1864,5,1,1,9,12,5,1,'2009-04-04 19:50:50',7816,NULL,NULL,NULL),(1865,5,2,0,5,6,4,1,'2009-04-04 19:50:50',4620,NULL,NULL,NULL),(1866,5,1,0,6,4,1,1,'2009-04-04 19:50:50',9373,NULL,NULL,NULL),(1867,5,2,1,4,0,2,0,'2009-04-04 19:50:50',139,NULL,NULL,NULL),(1868,5,0,0,11,8,1,1,'2009-04-04 19:50:50',1978,NULL,NULL,NULL),(1869,5,2,0,3,14,4,1,'2009-04-04 19:50:50',2357,NULL,NULL,NULL),(1870,5,0,0,9,7,7,1,'2009-04-04 19:50:51',5576,NULL,NULL,NULL),(1871,5,2,0,10,9,3,0,'2009-04-04 19:50:51',5492,NULL,NULL,NULL),(1872,5,1,0,0,2,0,1,'2009-04-04 19:50:51',5759,NULL,NULL,NULL),(1873,5,0,0,10,6,4,1,'2009-04-04 19:50:51',9623,NULL,NULL,NULL),(1874,5,1,1,2,12,3,0,'2009-04-04 19:50:51',490,NULL,NULL,NULL),(1875,5,1,0,10,10,0,1,'2009-04-04 19:50:52',4728,NULL,NULL,NULL),(1876,5,1,2,8,15,2,1,'2009-04-04 19:50:52',9398,NULL,NULL,NULL),(1877,5,2,2,3,1,4,1,'2009-04-04 19:50:52',9651,NULL,NULL,NULL),(1878,5,1,2,1,14,2,0,'2009-04-04 19:50:52',5212,NULL,NULL,NULL),(1879,5,0,0,13,0,4,1,'2009-04-04 19:50:52',8175,NULL,NULL,NULL),(1880,5,2,0,2,14,2,1,'2009-04-04 19:50:52',4408,NULL,NULL,NULL),(1881,5,2,0,7,6,0,0,'2009-04-04 19:50:53',5271,NULL,NULL,NULL),(1882,5,1,0,12,0,3,1,'2009-04-04 19:50:53',1109,NULL,NULL,NULL),(1883,5,1,2,14,9,1,0,'2009-04-04 19:50:53',4239,NULL,NULL,NULL),(1884,5,2,0,11,12,4,0,'2009-04-04 19:50:53',3270,NULL,NULL,NULL),(1885,5,2,2,2,5,0,0,'2009-04-04 19:50:54',4797,NULL,NULL,NULL),(1886,5,0,0,0,13,3,1,'2009-04-04 19:50:54',2983,NULL,NULL,NULL),(1887,5,2,2,14,3,6,1,'2009-04-04 19:50:54',698,NULL,NULL,NULL),(1888,5,2,2,11,14,0,1,'2009-04-04 19:50:54',8061,NULL,NULL,NULL),(1889,5,1,0,12,9,7,1,'2009-04-04 19:50:54',9867,NULL,NULL,NULL),(1890,5,2,2,6,9,0,0,'2009-04-04 19:50:54',5299,NULL,NULL,NULL),(1891,5,0,0,1,10,7,1,'2009-04-04 19:50:54',2446,NULL,NULL,NULL),(1892,5,2,1,13,8,0,0,'2009-04-04 19:50:55',7824,NULL,NULL,NULL),(1893,5,2,2,1,3,0,0,'2009-04-04 19:50:55',4418,NULL,NULL,NULL),(1894,5,2,0,0,2,2,0,'2009-04-04 19:50:55',9349,NULL,NULL,NULL),(1895,5,2,2,1,12,0,1,'2009-04-04 19:50:55',881,NULL,NULL,NULL),(1896,5,0,1,7,12,5,1,'2009-04-04 19:50:55',5444,NULL,NULL,NULL),(1897,5,1,0,9,1,0,0,'2009-04-04 19:50:56',113,NULL,NULL,NULL),(1898,5,1,2,11,15,7,0,'2009-04-04 19:50:56',3401,NULL,NULL,NULL),(1899,5,2,2,3,15,6,1,'2009-04-04 19:50:56',2607,NULL,NULL,NULL),(1900,5,1,2,1,0,2,1,'2009-04-04 19:50:56',6921,NULL,NULL,NULL),(1901,5,0,0,8,3,2,0,'2009-04-04 19:50:56',1318,NULL,NULL,NULL),(1902,5,0,1,0,2,0,0,'2009-04-04 19:50:58',8790,NULL,NULL,NULL),(1903,5,2,0,4,5,4,1,'2009-04-04 19:50:58',2890,NULL,NULL,NULL),(1904,5,0,2,4,0,5,1,'2009-04-04 19:50:58',6995,NULL,NULL,NULL),(1905,5,2,2,13,14,6,1,'2009-04-04 19:51:00',323,NULL,NULL,NULL),(1906,5,2,1,6,1,5,0,'2009-04-04 19:51:02',3882,NULL,NULL,NULL),(1907,5,0,1,11,15,2,0,'2009-04-04 19:51:02',1474,NULL,NULL,NULL),(1908,5,0,1,1,7,0,1,'2009-04-04 19:51:02',825,NULL,NULL,NULL),(1909,5,1,0,8,6,0,1,'2009-04-04 19:51:02',611,NULL,NULL,NULL),(1910,5,0,2,8,3,4,0,'2009-04-04 19:51:02',7361,NULL,NULL,NULL),(1911,5,2,2,7,4,6,0,'2009-04-04 19:51:03',6063,NULL,NULL,NULL),(1912,5,2,2,4,0,3,1,'2009-04-04 19:51:03',2229,NULL,NULL,NULL),(1913,5,1,0,4,9,6,0,'2009-04-04 19:51:03',5493,NULL,NULL,NULL),(1914,5,0,2,15,13,0,1,'2009-04-04 19:51:03',8883,NULL,NULL,NULL),(1915,5,0,0,0,15,7,1,'2009-04-04 19:51:04',6604,NULL,NULL,NULL),(1916,5,1,0,10,0,2,1,'2009-04-04 19:51:04',5492,NULL,NULL,NULL),(1917,5,2,2,11,10,0,1,'2009-04-04 19:51:04',1440,NULL,NULL,NULL),(1918,5,1,0,1,0,6,1,'2009-04-04 19:51:04',411,NULL,NULL,NULL),(1919,5,0,2,7,6,7,1,'2009-04-04 19:51:06',7889,NULL,NULL,NULL),(1920,5,0,2,10,10,0,0,'2009-04-04 19:51:06',4019,NULL,NULL,NULL),(1921,5,2,2,3,15,7,0,'2009-04-04 19:51:06',606,NULL,NULL,NULL),(1922,5,1,2,13,7,1,0,'2009-04-04 19:51:06',5268,NULL,NULL,NULL),(1923,5,2,2,4,7,3,1,'2009-04-04 19:51:06',1113,NULL,NULL,NULL),(1924,5,1,2,11,4,3,1,'2009-04-04 19:51:06',4658,NULL,NULL,NULL),(1925,5,2,0,5,3,7,0,'2009-04-04 19:51:06',1727,NULL,NULL,NULL),(1926,5,0,1,13,8,1,0,'2009-04-04 19:51:07',3512,NULL,NULL,NULL),(1927,5,0,2,10,0,7,0,'2009-04-04 19:51:08',4119,NULL,NULL,NULL),(1928,5,0,1,14,6,1,1,'2009-04-04 19:51:08',5449,NULL,NULL,NULL),(1929,5,0,0,1,14,0,1,'2009-04-04 19:51:08',3058,NULL,NULL,NULL),(1930,5,2,2,0,1,4,0,'2009-04-04 19:51:09',9684,NULL,NULL,NULL),(1931,5,1,0,3,11,0,1,'2009-04-04 19:51:10',871,NULL,NULL,NULL),(1932,5,0,1,13,15,4,1,'2009-04-04 19:51:10',5389,NULL,NULL,NULL),(1933,5,1,1,14,6,4,1,'2009-04-04 19:51:10',6444,NULL,NULL,NULL),(1934,5,1,2,9,2,6,0,'2009-04-04 19:51:10',7155,NULL,NULL,NULL),(1935,5,0,0,13,3,5,1,'2009-04-04 19:51:10',8913,NULL,NULL,NULL),(1936,5,2,1,2,12,0,1,'2009-04-04 19:51:11',9786,NULL,NULL,NULL),(1937,5,1,2,12,14,3,0,'2009-04-04 19:51:11',9087,NULL,NULL,NULL),(1938,5,0,2,15,8,0,0,'2009-04-04 19:51:11',5312,NULL,NULL,NULL),(1939,5,2,0,0,6,3,1,'2009-04-04 19:51:11',933,NULL,NULL,NULL),(1940,5,1,2,12,3,0,1,'2009-04-04 19:51:11',8297,NULL,NULL,NULL),(1941,5,2,1,6,14,6,0,'2009-04-04 19:51:12',2939,NULL,NULL,NULL),(1942,5,0,1,1,12,0,0,'2009-04-04 19:51:12',205,NULL,NULL,NULL),(1943,5,1,1,14,15,4,1,'2009-04-04 19:51:12',3862,NULL,NULL,NULL),(1944,5,1,2,2,9,7,1,'2009-04-04 19:51:12',7268,NULL,NULL,NULL),(1945,5,1,1,2,6,0,1,'2009-04-04 19:51:12',6645,NULL,NULL,NULL),(1946,5,1,1,7,15,4,1,'2009-04-04 19:51:12',12,NULL,NULL,NULL);
/*!40000 ALTER TABLE `EV` ENABLE KEYS */;
UNLOCK TABLES;

--
-- Table structure for table `EV_Descripcion`
--

DROP TABLE IF EXISTS `EV_Descripcion`;
SET @saved_cs_client     = @@character_set_client;
SET character_set_client = utf8;
CREATE TABLE `EV_Descripcion` (
  `id` int(11) NOT NULL auto_increment,
  `tipo` smallint(6) NOT NULL,
  `codigo` smallint(6) NOT NULL,
  `descripcion` varchar(50) NOT NULL,
  PRIMARY KEY  (`id`),
  UNIQUE KEY `codigo_tipo_unico` (`tipo`,`codigo`)
) ENGINE=MyISAM AUTO_INCREMENT=8 DEFAULT CHARSET=latin1;
SET character_set_client = @saved_cs_client;

--
-- Dumping data for table `EV_Descripcion`
--

LOCK TABLES `EV_Descripcion` WRITE;
/*!40000 ALTER TABLE `EV_Descripcion` DISABLE KEYS */;
INSERT INTO `EV_Descripcion` VALUES (1,2,8,'Falta de Comunicación con el CC'),(2,2,2,'Estado escritura diferida EEPROM'),(3,2,3,'Evento Provocado desde el CC (Dummy)'),(4,1,9,'Corto Circuito en lámpara. Movi:'),(5,1,2,'Circuito Abierto en DOS lámparas. Movi:'),(6,1,1,'Circuito Abierto en UNA lámpara. Movi:'),(7,0,0,'Evento de Campo Puerto');
/*!40000 ALTER TABLE `EV_Descripcion` ENABLE KEYS */;
UNLOCK TABLES;

--
-- Table structure for table `Esquina`
--

DROP TABLE IF EXISTS `Esquina`;
SET @saved_cs_client     = @@character_set_client;
SET character_set_client = utf8;
CREATE TABLE `Esquina` (
  `id` int(11) NOT NULL auto_increment,
  `uc_id` int(11) default NULL,
  `x` float default NULL,
  `y` float default NULL,
  PRIMARY KEY  (`id`),
  KEY `uc_id` (`uc_id`)
) ENGINE=MyISAM AUTO_INCREMENT=20 DEFAULT CHARSET=latin1;
SET character_set_client = @saved_cs_client;

--
-- Dumping data for table `Esquina`
--

LOCK TABLES `Esquina` WRITE;
/*!40000 ALTER TABLE `Esquina` DISABLE KEYS */;
INSERT INTO `Esquina` VALUES (16,5,1725,1436),(17,5,1880,1375),(18,9,1900,1274),(19,5,1990,1065);
/*!40000 ALTER TABLE `Esquina` ENABLE KEYS */;
UNLOCK TABLES;

--
-- Table structure for table `Esquina_Calles`
--

DROP TABLE IF EXISTS `Esquina_Calles`;
SET @saved_cs_client     = @@character_set_client;
SET character_set_client = utf8;
CREATE TABLE `Esquina_Calles` (
  `id` int(11) NOT NULL auto_increment,
  `esquina_id` int(11) default NULL,
  `calle_id` int(11) default NULL,
  `angulo` smallint(6) default NULL,
  `tipo_calle` smallint(6) default NULL,
  `sentido` varchar(2) default NULL,
  PRIMARY KEY  (`id`),
  KEY `esquina_id` (`esquina_id`),
  KEY `calle_id` (`calle_id`)
) ENGINE=MyISAM AUTO_INCREMENT=73 DEFAULT CHARSET=latin1;
SET character_set_client = @saved_cs_client;

--
-- Dumping data for table `Esquina_Calles`
--

LOCK TABLES `Esquina_Calles` WRITE;
/*!40000 ALTER TABLE `Esquina_Calles` DISABLE KEYS */;
INSERT INTO `Esquina_Calles` VALUES (57,16,228,0,0,NULL),(58,16,177,90,0,NULL),(59,16,228,180,0,NULL),(60,16,177,270,0,NULL),(61,17,49,0,0,NULL),(62,17,351,90,0,NULL),(63,17,40,180,0,NULL),(64,17,351,270,0,NULL),(65,18,129,0,2,NULL),(66,18,40,90,2,NULL),(67,18,129,180,3,NULL),(68,18,40,270,3,NULL),(69,19,265,0,0,NULL),(70,19,49,90,0,NULL),(71,19,228,180,0,NULL),(72,19,49,270,0,NULL);
/*!40000 ALTER TABLE `Esquina_Calles` ENABLE KEYS */;
UNLOCK TABLES;

--
-- Table structure for table `SV`
--

DROP TABLE IF EXISTS `SV`;
SET @saved_cs_client     = @@character_set_client;
SET character_set_client = utf8;
CREATE TABLE `SV` (
  `id` int(11) NOT NULL auto_increment,
  `uc_id` int(11) default NULL,
  `nro_sv` int(11) default NULL,
  `valor` smallint(6) default NULL,
  PRIMARY KEY  (`id`),
  KEY `uc_id` (`uc_id`)
) ENGINE=MyISAM DEFAULT CHARSET=latin1;
SET character_set_client = @saved_cs_client;

--
-- Dumping data for table `SV`
--

LOCK TABLES `SV` WRITE;
/*!40000 ALTER TABLE `SV` DISABLE KEYS */;
/*!40000 ALTER TABLE `SV` ENABLE KEYS */;
UNLOCK TABLES;

--
-- Table structure for table `Semaforo`
--

DROP TABLE IF EXISTS `Semaforo`;
SET @saved_cs_client     = @@character_set_client;
SET character_set_client = utf8;
CREATE TABLE `Semaforo` (
  `id` int(11) NOT NULL auto_increment,
  `uc_id` int(11) default NULL,
  `Esquina_Calles_id` int(11) default NULL,
  `ti_mov` smallint(6) default NULL,
  `subti_mov` smallint(6) default NULL,
  `n_mov` smallint(6) default NULL,
  `x` int(11) default NULL,
  `y` int(11) default NULL,
  PRIMARY KEY  (`id`),
  KEY `uc_id` (`uc_id`),
  KEY `Esquina_Calles_id` (`Esquina_Calles_id`)
) ENGINE=MyISAM AUTO_INCREMENT=21 DEFAULT CHARSET=latin1;
SET character_set_client = @saved_cs_client;

--
-- Dumping data for table `Semaforo`
--

LOCK TABLES `Semaforo` WRITE;
/*!40000 ALTER TABLE `Semaforo` DISABLE KEYS */;
INSERT INTO `Semaforo` VALUES (9,5,62,0,1,0,250,250),(10,5,70,0,0,1,250,250),(11,6,NULL,0,NULL,0,NULL,NULL),(12,6,NULL,1,NULL,1,NULL,NULL),(13,7,NULL,0,NULL,0,NULL,NULL),(14,7,NULL,1,NULL,1,NULL,NULL),(15,8,NULL,0,NULL,0,NULL,NULL),(16,8,NULL,1,NULL,1,NULL,NULL),(17,9,65,0,0,0,296,204),(18,9,68,0,2,1,180,296),(19,10,NULL,0,NULL,0,NULL,NULL),(20,10,NULL,1,NULL,1,NULL,NULL);
/*!40000 ALTER TABLE `Semaforo` ENABLE KEYS */;
UNLOCK TABLES;

--
-- Table structure for table `UC`
--

DROP TABLE IF EXISTS `UC`;
SET @saved_cs_client     = @@character_set_client;
SET character_set_client = utf8;
CREATE TABLE `UC` (
  `id` int(11) NOT NULL auto_increment,
  `co_id` int(11) NOT NULL,
  `id_UC` int(11) NOT NULL,
  `zona` smallint(6) default NULL,
  `can_movi` smallint(6) default NULL,
  `nombre_uc` varchar(40) default NULL,
  `hab` tinyint(1) default NULL,
  PRIMARY KEY  (`id`,`co_id`,`id_UC`),
  KEY `co_id` (`co_id`)
) ENGINE=MyISAM AUTO_INCREMENT=11 DEFAULT CHARSET=latin1;
SET character_set_client = @saved_cs_client;

--
-- Dumping data for table `UC`
--

LOCK TABLES `UC` WRITE;
/*!40000 ALTER TABLE `UC` DISABLE KEYS */;
INSERT INTO `UC` VALUES (5,3,3,1,2,'SMartin-Belgrano',0),(6,3,2,1,2,'Galina',0),(7,3,4,1,2,'2',0),(8,1,3,1,2,'3',1),(9,3,3,1,2,'SMartin-Belgrano',1),(10,3,3,1,2,'SMartin-Belgrano',1);
/*!40000 ALTER TABLE `UC` ENABLE KEYS */;
UNLOCK TABLES;
/*!40103 SET TIME_ZONE=@OLD_TIME_ZONE */;

/*!40101 SET SQL_MODE=@OLD_SQL_MODE */;
/*!40014 SET FOREIGN_KEY_CHECKS=@OLD_FOREIGN_KEY_CHECKS */;
/*!40014 SET UNIQUE_CHECKS=@OLD_UNIQUE_CHECKS */;
/*!40101 SET CHARACTER_SET_CLIENT=@OLD_CHARACTER_SET_CLIENT */;
/*!40101 SET CHARACTER_SET_RESULTS=@OLD_CHARACTER_SET_RESULTS */;
/*!40101 SET COLLATION_CONNECTION=@OLD_COLLATION_CONNECTION */;
/*!40111 SET SQL_NOTES=@OLD_SQL_NOTES */;

-- Dump completed on 2009-04-06 23:09:51
